date,price,volume
2016-11-10,26.25161361694336,35019100.0
2016-11-11,25.870777130126953,6020100.0
2016-11-14,26.130435943603516,4481900.0
2016-11-15,26.338163375854492,3667200.0
2016-11-16,27.437389373779297,4342300.0
2016-11-17,28.138471603393555,5252000.0
2016-11-18,28.285612106323242,4253400.0
2016-11-21,27.472013473510742,5036700.0
2016-11-22,28.302921295166016,5601700.0
2016-11-23,28.579893112182617,3619500.0
2016-11-25,28.207721710205078,827800.0
2016-11-28,28.337549209594727,1928500.0
2016-11-29,28.72703742980957,2139500.0
2016-11-30,28.9780330657959,2764900.0
2016-12-01,28.138471603393555,2914900.0
2016-12-02,28.55393409729004,1213100.0
2016-12-05,29.125181198120117,2004700.0
2016-12-06,29.27233123779297,1622900.0
2016-12-07,30.07726287841797,3809400.0
2016-12-08,31.09859275817871,2603000.0
2016-12-09,31.488080978393555,1993100.0
2016-12-12,31.79102325439453,1258300.0
2016-12-13,31.661190032958984,1814000.0
2016-12-14,30.42348861694336,3886300.0
2016-12-15,29.757020950317383,1555100.0
2016-12-16,30.518688201904297,3784000.0
2016-12-19,29.843576431274414,1983200.0
2016-12-20,30.25037956237793,944900.0
2016-12-21,30.310964584350586,703600.0
2016-12-22,31.444807052612305,1438500.0
2016-12-23,31.894874572753906,888300.0
2016-12-27,32.319007873535156,822200.0
2016-12-28,32.22378921508789,533800.0
2016-12-29,32.69117736816406,658500.0
2016-12-30,32.76042938232422,773000.0
2017-01-03,32.44883346557617,2007000.0
2017-01-04,32.00740051269531,1712300.0
2017-01-05,31.69580841064453,1099600.0
2017-01-06,31.877582550048828,1368000.0
2017-01-09,31.929508209228516,1333800.0
2017-01-10,31.8862247467041,3712600.0
2017-01-11,31.929508209228516,2185900.0
2017-01-12,31.990089416503906,1235200.0
2017-01-13,32.21514129638672,1010200.0
2017-01-17,31.929508209228516,1907200.0
2017-01-18,31.713115692138672,1214200.0
2017-01-19,31.990089416503906,890400.0
2017-01-20,32.11992263793945,1337000.0
2017-01-23,31.825645446777344,2035300.0
2017-01-24,32.44883346557617,1199600.0
2017-01-25,31.739091873168945,1183300.0
2017-01-26,31.606855392456055,1015300.0
2017-01-27,31.702552795410156,1088400.0
2017-01-30,31.998353958129883,912300.0
2017-01-31,32.502960205078125,1625200.0
2017-02-01,32.85964584350586,2212200.0
2017-02-02,33.425132751464844,2496300.0
2017-02-03,33.842735290527344,1495200.0
2017-02-06,34.138545989990234,1097600.0
2017-02-07,34.286441802978516,1362100.0
2017-02-08,34.06893539428711,1575200.0
2017-02-09,33.99933624267578,1138900.0
2017-02-10,34.164634704589844,868900.0
2017-02-13,34.30382537841797,1128300.0
2017-02-14,34.49523162841797,1098400.0
2017-02-15,34.47783279418945,1387700.0
2017-02-16,34.71272277832031,1034800.0
2017-02-17,34.46912384033203,1488000.0
2017-02-21,34.46912384033203,1295400.0
2017-02-22,34.669227600097656,800800.0
2017-02-23,34.36472702026367,564200.0
2017-02-24,34.43433380126953,374900.0
2017-02-27,34.34733963012695,603400.0
2017-02-28,34.09502029418945,653800.0
2017-03-01,34.756229400634766,734400.0
2017-03-02,34.99113082885742,818900.0
2017-03-03,35.14773178100586,1254100.0
2017-03-06,35.16512680053711,1784400.0
2017-03-07,35.443519592285156,1684000.0
2017-03-08,35.426124572753906,1926500.0
2017-03-09,35.652320861816406,1533800.0
2017-03-10,36.01771545410156,1544100.0
2017-03-13,36.130821228027344,1383900.0
2017-03-14,36.72241973876953,992300.0
2017-03-15,36.852901458740234,2309500.0
2017-03-16,36.531009674072266,1065300.0
2017-03-17,36.7572135925293,1609000.0
2017-03-20,36.95730209350586,1693200.0
2017-03-21,37.2966194152832,1640100.0
2017-03-22,36.922508239746094,1391700.0
2017-03-23,37.418392181396484,1135600.0
2017-03-24,37.12261199951172,1338300.0
2017-03-27,37.374900817871094,812700.0
2017-03-28,37.34010314941406,901800.0
2017-03-29,37.09650421142578,704000.0
2017-03-30,36.618003845214844,640800.0
2017-03-31,36.591915130615234,1003800.0
2017-04-03,36.53971862792969,914700.0
2017-04-04,36.70500564575195,1297300.0
2017-04-05,36.31351852416992,816300.0
2017-04-06,37.5315055847168,2956500.0
2017-04-07,37.400997161865234,2618100.0
2017-04-10,37.20091247558594,1236700.0
2017-04-11,37.3053092956543,1170500.0
2017-04-12,36.67891311645508,717600.0
2017-04-13,36.426605224609375,531800.0
2017-04-17,36.739810943603516,508300.0
2017-04-18,36.87031555175781,812900.0
2017-04-19,36.71371078491211,526300.0
2017-04-20,37.06170654296875,415600.0
2017-04-21,36.765907287597656,679600.0
2017-04-24,37.12261199951172,555600.0
2017-04-25,36.939910888671875,840100.0
2017-04-26,36.911949157714844,901200.0
2017-04-27,37.26148986816406,991400.0
2017-04-28,36.4837532043457,1186100.0
2017-05-01,36.527442932128906,1440300.0
2017-05-02,36.16917037963867,1039700.0
2017-05-03,35.74097442626953,800600.0
2017-05-04,36.0555534362793,959100.0
2017-05-05,36.32646560668945,595200.0
2017-05-08,36.335201263427734,739200.0
2017-05-09,36.4837532043457,715000.0
2017-05-10,37.112953186035156,1017200.0
2017-05-11,36.87700271606445,1006900.0
2017-05-12,36.87700271606445,523100.0
2017-05-15,37.5149040222168,601600.0
2017-05-16,38.86066436767578,1805900.0
2017-05-17,38.5984992980957,1248000.0
2017-05-18,38.39749526977539,2490800.0
2017-05-19,38.782020568847656,740200.0
2017-05-22,38.956783294677734,531800.0
2017-05-23,38.6422004699707,650800.0
2017-05-24,39.75200653076172,1182000.0
2017-05-25,39.87434387207031,561400.0
2017-05-26,39.90055847167969,434200.0
2017-05-30,40.346214294433594,756900.0
2017-05-31,40.55595016479492,879700.0
2017-06-01,41.351165771484375,740500.0
2017-06-02,41.40359878540039,634100.0
2017-06-05,40.81810760498047,653600.0
2017-06-06,40.78315734863281,568100.0
2017-06-07,40.99288558959961,691100.0
2017-06-08,40.63459777832031,374000.0
2017-06-09,40.223880767822266,862700.0
2017-06-12,39.6995849609375,611500.0
2017-06-13,40.18019104003906,592500.0
2017-06-14,39.83938217163086,760000.0
2017-06-15,39.60343551635742,480300.0
2017-06-16,39.38496780395508,1658200.0
2017-06-19,39.80442810058594,906200.0
2017-06-20,39.96172332763672,447500.0
2017-06-21,40.04037857055664,812100.0
2017-06-22,39.83938217163086,310800.0
2017-06-23,39.813175201416016,2435400.0
2017-06-26,39.62092971801758,483000.0
2017-06-27,39.05290603637695,591400.0
2017-06-28,39.64712142944336,663600.0
2017-06-29,38.563541412353516,762100.0
2017-06-30,38.48489761352539,652600.0
2017-07-03,38.32759094238281,618100.0
2017-07-05,37.81201934814453,820600.0
2017-07-06,37.488704681396484,726300.0
2017-07-07,37.66345977783203,516800.0
2017-07-10,37.3488883972168,1034900.0
2017-07-11,38.26643753051758,1129600.0
2017-07-12,38.449951171875,931900.0
2017-07-13,38.24895477294922,696700.0
2017-07-14,38.14408874511719,358100.0
2017-07-17,38.44120788574219,512500.0
2017-07-18,38.563541412353516,568800.0
2017-07-19,38.782020568847656,592600.0
2017-07-20,38.694618225097656,470100.0
2017-07-21,39.32381057739258,1989000.0
2017-07-24,39.1053352355957,961900.0
2017-07-25,39.91802978515625,3175200.0
2017-07-26,38.694618225097656,1260000.0
2017-07-27,38.32759094238281,1866100.0
2017-07-28,38.29264831542969,951100.0
2017-07-31,38.43247604370117,1196700.0
2017-08-01,38.48489761352539,1093500.0
2017-08-02,38.40415954589844,1002600.0
2017-08-03,37.93025207519531,691500.0
2017-08-04,38.28129577636719,441600.0
2017-08-07,38.491912841796875,555500.0
2017-08-08,38.22863006591797,789300.0
2017-08-09,38.184749603271484,690700.0
2017-08-10,38.913177490234375,620000.0
2017-08-11,39.32564926147461,452800.0
2017-08-14,39.32564926147461,690800.0
2017-08-15,39.50994110107422,439800.0
2017-08-16,39.80833053588867,523200.0
2017-08-17,39.817100524902344,729800.0
2017-08-18,39.7293586730957,755600.0
2017-08-21,39.8873176574707,697200.0
2017-08-22,40.07162094116211,858600.0
2017-08-23,40.01017379760742,709100.0
2017-08-24,39.492401123046875,1029500.0
2017-08-25,39.52748107910156,983000.0
2017-08-28,39.3870849609375,981200.0
2017-08-29,39.55382537841797,975900.0
2017-08-30,39.641578674316406,731800.0
2017-08-31,39.91365051269531,652000.0
2017-09-01,40.361228942871094,545600.0
2017-09-05,40.141822814941406,1071500.0
2017-09-06,39.773223876953125,730500.0
2017-09-07,39.73812484741211,721100.0
2017-09-08,39.878536224365234,631400.0
2017-09-11,40.045291900634766,567100.0
2017-09-12,40.3700065612793,714000.0
2017-09-13,40.85268020629883,848300.0
2017-09-14,40.43144226074219,636300.0
2017-09-15,40.71226119995117,1962700.0
2017-09-18,40.6157341003418,583100.0
2017-09-19,40.71226119995117,666400.0
2017-09-20,40.940452575683594,815700.0
2017-09-21,40.24713134765625,284600.0
2017-09-22,39.825889587402344,380800.0
2017-09-25,39.641578674316406,857600.0
2017-09-26,39.95751953125,598000.0
2017-09-27,40.40510177612305,686400.0
2017-09-28,40.87901306152344,685700.0
2017-09-29,41.15107345581055,910200.0
2017-10-02,41.721519470214844,1324700.0
2017-10-03,41.39680099487305,1275800.0
2017-10-04,42.48503112792969,2031300.0
2017-10-05,42.64300537109375,905800.0
2017-10-06,43.11691665649414,760100.0
2017-10-09,42.853641510009766,545200.0
2017-10-10,43.037933349609375,781700.0
2017-10-11,43.32753372192383,739300.0
2017-10-12,43.617149353027344,504700.0
2017-10-13,43.880435943603516,534800.0
2017-10-16,44.485992431640625,665600.0
2017-10-17,44.07351303100586,1048600.0
2017-10-18,44.37190246582031,763000.0
2017-10-19,44.143714904785156,487800.0
2017-10-20,44.43333435058594,501300.0
2017-10-23,44.670284271240234,710000.0
2017-10-24,44.51231002807617,409700.0
2017-10-25,44.424556732177734,596400.0
2017-10-26,44.40700149536133,298900.0
2017-10-27,44.60007095336914,374500.0
2017-10-30,44.213924407958984,475500.0
2017-10-31,44.74927520751953,478900.0
2017-11-01,45.06521224975586,650400.0
2017-11-02,45.62717819213867,996700.0
2017-11-03,45.90904235839844,660600.0
2017-11-06,45.856197357177734,446600.0
2017-11-07,45.50386047363281,435800.0
2017-11-08,46.14686584472656,465000.0
2017-11-09,45.468631744384766,415200.0
2017-11-10,45.76811218261719,733100.0
2017-11-13,46.49038314819336,747900.0
2017-11-14,47.0276985168457,809600.0
2017-11-15,46.455177307128906,1070200.0
2017-11-16,47.080562591552734,1499100.0
2017-11-17,46.8691520690918,853000.0
2017-11-20,47.29195022583008,617700.0
2017-11-21,47.33599090576172,726500.0
2017-11-22,47.78522491455078,541100.0
2017-11-24,47.95258331298828,130900.0
2017-11-27,47.591434478759766,997500.0
2017-11-28,47.591434478759766,2590800.0
2017-11-29,47.52096939086914,1096900.0
2017-11-30,47.89091110229492,2492700.0
2017-12-01,48.32252502441406,1410000.0
2017-12-04,48.40181350708008,795300.0
2017-12-05,47.96139907836914,666000.0
2017-12-06,47.96139907836914,559600.0
2017-12-07,48.428226470947266,1004800.0
2017-12-08,49.50285339355469,1608000.0
2017-12-11,50.10182571411133,1390400.0
2017-12-12,49.10647201538086,672700.0
2017-12-13,49.150516510009766,923600.0
2017-12-14,48.84221649169922,493700.0
2017-12-15,48.886253356933594,2592300.0
2017-12-18,49.4323844909668,1000100.0
2017-12-19,49.19454574584961,787900.0
2017-12-20,49.30906677246094,1110100.0
2017-12-21,48.82459259033203,776200.0
2017-12-22,49.168128967285156,835800.0
2017-12-26,48.60439682006836,492000.0
2017-12-27,48.85102844238281,571100.0
2017-12-28,49.203365325927734,668100.0
2017-12-29,49.723052978515625,1163400.0
2018-01-02,48.771759033203125,938900.0
2018-01-03,49.37953186035156,1631600.0
2018-01-04,50.401302337646484,3492400.0
2018-01-05,50.8240966796875,2317200.0
2018-01-08,51.58161926269531,958600.0
2018-01-09,51.12357711791992,891700.0
2018-01-10,50.97384262084961,997800.0
2018-01-11,51.08835220336914,1429700.0
2018-01-12,51.3349723815918,1095800.0
2018-01-16,51.546382904052734,1013600.0
2018-01-17,52.2686653137207,680100.0
2018-01-18,51.995601654052734,1657000.0
2018-01-19,52.885250091552734,976700.0
2018-01-22,53.114261627197266,794100.0
2018-01-23,53.13188171386719,577400.0
2018-01-24,52.735504150390625,828300.0
2018-01-25,52.180580139160156,704600.0
2018-01-26,52.67384338378906,445000.0
2018-01-29,52.0484504699707,709100.0
2018-01-30,51.308555603027344,950300.0
2018-01-31,51.61685562133789,861000.0
2018-02-01,50.72517395019531,1690200.0
2018-02-02,50.18611526489258,1788400.0
2018-02-05,49.788448333740234,2142200.0
2018-02-06,49.31123733520508,2049700.0
2018-02-07,50.30982971191406,1652700.0
2018-02-08,48.365665435791016,1622100.0
2018-02-09,48.127052307128906,1810400.0
2018-02-12,48.67496109008789,1267300.0
2018-02-13,48.1977653503418,1404800.0
2018-02-14,47.93263626098633,1668100.0
2018-02-15,48.957759857177734,3528800.0
2018-02-16,49.11681365966797,1263800.0
2018-02-20,47.97684097290039,1143100.0
2018-02-21,47.28752517700195,877100.0
2018-02-22,47.4996337890625,1400100.0
2018-02-23,48.34799575805664,707000.0
2018-02-26,48.26844787597656,623700.0
2018-02-27,48.06519317626953,530100.0
2018-02-28,47.80009078979492,941000.0
2018-03-01,48.127052307128906,776000.0
2018-03-02,48.93124771118164,731200.0
2018-03-05,49.381927490234375,1070700.0
2018-03-06,50.2126350402832,784800.0
2018-03-07,49.761924743652344,872200.0
2018-03-08,50.08007049560547,846300.0
2018-03-09,50.6633186340332,966600.0
2018-03-12,50.60146713256836,798000.0
2018-03-13,49.903324127197266,391700.0
2018-03-14,49.558677673339844,468300.0
2018-03-15,49.15217208862305,502200.0
2018-03-16,49.18751525878906,1027100.0
2018-03-19,49.01960754394531,976200.0
2018-03-20,49.21403503417969,422400.0
2018-03-21,48.922401428222656,769300.0
2018-03-22,48.23310470581055,636900.0
2018-03-23,47.764732360839844,806600.0
2018-03-26,49.86797332763672,1135000.0
2018-03-27,49.487972259521484,1010600.0
2018-03-28,49.83262252807617,832600.0
2018-03-29,51.449825286865234,1344500.0
2018-04-02,51.317264556884766,1876100.0
2018-04-03,52.2540168762207,1578900.0
2018-04-04,52.51911163330078,1883600.0
2018-04-05,54.321895599365234,3817100.0
2018-04-06,54.59584045410156,1652400.0
2018-04-09,55.04653549194336,1087700.0
2018-04-10,56.354434967041016,1306900.0
2018-04-11,56.345603942871094,1569100.0
2018-04-12,55.956764221191406,1163700.0
2018-04-13,56.66373825073242,1476700.0
2018-04-16,57.20280456542969,1246900.0
2018-04-17,57.883262634277344,2760600.0
2018-04-18,57.89209747314453,1868200.0
2018-04-19,57.66233825683594,685500.0
2018-04-20,57.759544372558594,2933100.0
2018-04-23,58.02466583251953,537000.0
2018-04-24,57.830238342285156,665200.0
2018-04-25,58.192569732666016,814300.0
2018-04-26,58.68745040893555,1045900.0
2018-04-27,58.846500396728516,474200.0
2018-04-30,57.72419357299805,810100.0
2018-05-01,57.4149055480957,945900.0
2018-05-02,56.68141555786133,878600.0
2018-05-03,56.76206970214844,721600.0
2018-05-04,57.69272994995117,700300.0
2018-05-07,58.68545913696289,961600.0
2018-05-08,59.08432388305664,557300.0
2018-05-09,60.03272247314453,1146700.0
2018-05-10,60.298622131347656,841400.0
2018-05-11,60.20999526977539,730800.0
2018-05-14,59.93520736694336,693700.0
2018-05-15,59.66044616699219,831100.0
2018-05-16,59.509769439697266,603200.0
2018-05-17,59.38568115234375,726600.0
2018-05-18,59.19953918457031,581500.0
2018-05-21,59.15520095825195,676000.0
2018-05-22,57.64841842651367,1506600.0
2018-05-23,57.75477981567383,547100.0
2018-05-24,57.79023742675781,907000.0
2018-05-25,57.99409103393555,1288600.0
2018-05-29,57.22297668457031,806100.0
2018-05-30,57.61296844482422,784400.0
2018-05-31,56.50502014160156,740500.0
2018-06-01,56.8241081237793,799300.0
2018-06-04,57.86114501953125,741500.0
2018-06-05,58.2600212097168,1382300.0
2018-06-06,57.31161880493164,1178700.0
2018-06-07,57.4888801574707,1227700.0
2018-06-08,58.21567916870117,768200.0
2018-06-11,57.932064056396484,554400.0
2018-06-12,58.22455596923828,593100.0
2018-06-13,57.9143180847168,1218500.0
2018-06-14,58.36636734008789,513700.0
2018-06-15,57.55091857910156,1262100.0
2018-06-18,57.55091857910156,644400.0
2018-06-19,58.836143493652344,1463000.0
2018-06-20,59.81111526489258,2094000.0
2018-06-21,59.64271545410156,2038400.0
2018-06-22,60.1656608581543,1102700.0
2018-06-25,60.404991149902344,805400.0
2018-06-26,60.83043670654297,1033900.0
2018-06-27,60.41383743286133,588600.0
2018-06-28,60.910194396972656,606700.0
2018-06-29,60.724063873291016,857500.0
2018-07-02,60.26314926147461,763100.0
2018-07-03,60.59999084472656,514500.0
2018-07-05,61.93836975097656,1000200.0
2018-07-06,62.2131462097168,375100.0
2018-07-09,62.38154602050781,832500.0
2018-07-10,62.29290008544922,1437100.0
2018-07-11,62.22200393676758,447000.0
2018-07-12,62.52336120605469,887500.0
2018-07-13,62.798152923583984,674500.0
2018-07-16,62.22200393676758,539700.0
2018-07-17,62.69178771972656,498300.0
2018-07-18,62.56767654418945,549500.0
2018-07-19,62.38154602050781,944800.0
2018-07-20,62.416996002197266,825900.0
2018-07-23,61.17612075805664,1380400.0
2018-07-24,60.573368072509766,2183000.0
2018-07-25,62.40816116333008,1789700.0
2018-07-26,62.08905029296875,1632400.0
2018-07-27,61.86746597290039,834500.0
2018-07-30,62.2574577331543,659300.0
2018-07-31,62.28403854370117,656000.0
2018-08-01,61.77882766723633,428900.0
2018-08-02,62.6862678527832,460300.0
2018-08-03,64.135009765625,633400.0
2018-08-06,64.50830078125,924900.0
2018-08-07,63.78836441040039,601200.0
2018-08-08,63.46841812133789,301300.0
2018-08-09,63.66395568847656,681500.0
2018-08-10,63.183998107910156,399200.0
2018-08-13,63.032894134521484,758800.0
2018-08-14,63.726173400878906,604900.0
2018-08-15,61.557525634765625,977000.0
2018-08-16,59.184452056884766,1606200.0
2018-08-17,58.29566955566406,1891500.0
2018-08-20,58.33121109008789,1355900.0
2018-08-21,57.984580993652344,1734800.0
2018-08-22,58.8200569152832,1132700.0
2018-08-23,59.61996841430664,745600.0
2018-08-24,59.57551956176758,1001600.0
2018-08-27,60.5443115234375,878500.0
2018-08-28,60.34877014160156,602000.0
2018-08-29,60.19767761230469,373500.0
2018-08-30,59.65550994873047,457400.0
2018-08-31,60.08213424682617,462000.0
2018-09-04,59.6999397277832,570000.0
2018-09-05,59.81549072265625,549500.0
2018-09-06,59.744407653808594,783300.0
2018-09-07,59.39775466918945,377600.0
2018-09-10,59.57551956176758,410100.0
2018-09-11,59.66439437866211,390600.0
2018-09-12,59.673301696777344,464100.0
2018-09-13,59.85994338989258,508000.0
2018-09-14,60.446537017822266,533600.0
2018-09-17,59.273338317871094,602900.0
2018-09-18,59.406654357910156,1182800.0
2018-09-19,58.00236511230469,1646600.0
2018-09-20,58.77561950683594,1029100.0
2018-09-21,59.54884719848633,1450600.0
2018-09-24,59.042266845703125,1674600.0
2018-09-25,59.637725830078125,700400.0
2018-09-26,59.282230377197266,1040900.0
2018-09-27,58.29566955566406,1582800.0
2018-09-28,59.193336486816406,1398000.0
2018-10-01,58.60673904418945,1468500.0
2018-10-02,63.9928092956543,3305800.0
2018-10-03,64.20611572265625,1437900.0
2018-10-04,65.10377502441406,1373800.0
2018-10-05,66.39252471923828,1516300.0
2018-10-08,65.76148986816406,1962400.0
2018-10-09,66.32144165039062,1729400.0
2018-10-10,65.0771255493164,4301600.0
2018-10-11,64.10833740234375,1545100.0
2018-10-12,64.84602355957031,1023100.0
2018-10-15,65.04158020019531,601300.0
2018-10-16,66.89913940429688,972800.0
2018-10-17,67.64573669433594,893200.0
2018-10-18,67.23687744140625,694000.0
2018-10-19,68.05457305908203,757300.0
2018-10-22,68.57006072998047,720800.0
2018-10-23,69.4677505493164,869000.0
2018-10-24,70.25875854492188,1673300.0
2018-10-25,69.36996459960938,1289400.0
2018-10-26,68.44563293457031,972800.0
2018-10-29,68.61450958251953,1351000.0
2018-10-30,68.25010681152344,1541800.0
2018-10-31,69.4677505493164,1343400.0
2018-11-01,68.809326171875,934900.0
2018-11-02,68.5865707397461,1008800.0
2018-11-05,70.05668640136719,1032700.0
2018-11-06,71.50894927978516,1220100.0
2018-11-07,71.99899291992188,832900.0
2018-11-08,72.77410125732422,1323800.0
2018-11-09,73.07703399658203,901200.0
2018-11-12,73.18395233154297,1195000.0
2018-11-13,74.26204681396484,1127300.0
2018-11-14,73.94126892089844,1483800.0
2018-11-15,73.24635314941406,1196800.0
2018-11-16,73.63835906982422,1079300.0
2018-11-19,71.99899291992188,1469300.0
2018-11-20,71.81187438964844,1087000.0
2018-11-21,72.87212371826172,676300.0
2018-11-23,72.3019027709961,480000.0
2018-11-26,71.60694122314453,1703500.0
2018-11-27,69.09442901611328,3391800.0
2018-11-28,68.69349670410156,2684600.0
2018-11-29,68.37275695800781,2621800.0
2018-11-30,68.33708953857422,39405400.0
2018-12-03,67.33921813964844,3214500.0
2018-12-04,67.259033203125,3021000.0
2018-12-06,66.04733276367188,2525500.0
2018-12-07,65.44145965576172,1580800.0
2018-12-10,65.37020874023438,2327900.0
2018-12-11,66.97392272949219,1820500.0
2018-12-12,68.06090545654297,1750700.0
2018-12-13,69.21917724609375,1376300.0
2018-12-14,67.56195831298828,1780300.0
2018-12-17,67.21450805664062,2019200.0
2018-12-18,67.38375854492188,1660400.0
2018-12-19,66.81356811523438,1771900.0
2018-12-20,65.39692687988281,1965600.0
2018-12-21,65.57510375976562,2323600.0
2018-12-24,63.73081970214844,548400.0
2018-12-26,65.37020874023438,2635100.0
2018-12-27,65.69094848632812,1473700.0
2018-12-28,65.58403015136719,823000.0
2018-12-31,65.53947448730469,849600.0
2019-01-02,65.62857818603516,2203800.0
2019-01-03,65.02273559570312,2178800.0
2019-01-04,67.33921813964844,2716400.0
2019-01-07,62.857662200927734,3497900.0
2019-01-08,63.17841720581055,2914300.0
2019-01-09,62.1181640625,1763500.0
2019-01-10,62.242881774902344,1403300.0
2019-01-11,61.89543914794922,968000.0
2019-01-14,60.26494598388672,1960700.0
2019-01-15,61.3875617980957,1738800.0
2019-01-16,62.52800369262695,1986100.0
2019-01-17,63.16950225830078,1487100.0
2019-01-18,63.151676177978516,1927600.0
2019-01-22,63.0358772277832,1429000.0
2019-01-23,64.79998016357422,1791300.0
2019-01-24,63.5793571472168,1286100.0
2019-01-25,63.347694396972656,1437900.0
2019-01-28,63.614986419677734,2788400.0
2019-01-29,64.54158020019531,1236200.0
2019-01-30,64.66634368896484,846500.0
2019-01-31,64.5948715209961,1343600.0
2019-02-01,64.68418884277344,1837400.0
2019-02-04,63.701419830322266,1440300.0
2019-02-05,64.00521087646484,945500.0
2019-02-06,63.71036148071289,782900.0
2019-02-07,63.08495330810547,1310700.0
2019-02-08,63.09388732910156,1095300.0
2019-02-11,62.888423919677734,1202700.0
2019-02-12,61.66440200805664,1521300.0
2019-02-13,61.25342559814453,2659200.0
2019-02-14,61.61971664428711,2305400.0
2019-02-15,62.10219955444336,1393100.0
2019-02-19,62.80799102783203,1552100.0
2019-02-20,62.593570709228516,1480300.0
2019-02-21,63.41554641723633,990100.0
2019-02-22,62.98670196533203,962100.0
2019-02-25,62.08431625366211,1164700.0
2019-02-26,61.646541595458984,1826300.0
2019-02-27,61.735897064208984,1306900.0
2019-02-28,61.92350387573242,1265700.0
2019-03-01,63.38872528076172,1156800.0
2019-03-04,63.24576187133789,2055500.0
2019-03-05,63.57634353637695,1255300.0
2019-03-06,63.022438049316406,1349400.0
2019-03-07,62.99561309814453,1737100.0
2019-03-08,62.54891586303711,1011200.0
2019-03-11,62.72758865356445,1504200.0
2019-03-12,62.27193832397461,1347900.0
2019-03-13,62.39702224731445,1163900.0
2019-03-14,60.922855377197266,1990000.0
2019-03-15,62.10219955444336,3240500.0
2019-03-18,62.45063781738281,1581000.0
2019-03-19,62.2808837890625,860800.0
2019-03-20,61.97710418701172,1150000.0
2019-03-21,63.43340301513672,1108400.0
2019-03-22,64.02306365966797,1241200.0
2019-03-25,65.06838989257812,1798100.0
2019-03-26,65.22026062011719,1276300.0
2019-03-27,64.56806182861328,1378900.0
2019-03-28,66.04222869873047,2104800.0
2019-03-29,66.95349884033203,2903400.0
2019-04-01,66.08686065673828,2302700.0
2019-04-02,66.43531799316406,6500100.0
2019-04-03,65.3006591796875,2835400.0
2019-04-04,62.82586669921875,2401900.0
2019-04-05,63.996246337890625,2512700.0
2019-04-08,65.10411834716797,1527900.0
2019-04-09,65.1487808227539,1220500.0
2019-04-10,64.68418884277344,1176900.0
2019-04-11,63.996246337890625,1192400.0
2019-04-12,63.53165054321289,1008100.0
2019-04-15,63.61209487915039,900300.0
2019-04-16,62.236209869384766,1209600.0
2019-04-17,61.31597137451172,1186000.0
2019-04-18,60.41360855102539,2237200.0
2019-04-22,61.55720138549805,1404000.0
2019-04-23,62.075382232666016,1194300.0
2019-04-24,61.90563201904297,1303600.0
2019-04-25,61.82522201538086,760000.0
2019-04-26,62.263004302978516,955400.0
2019-04-29,61.2444953918457,1482700.0
2019-04-30,62.584659576416016,1541400.0
2019-05-01,62.629295349121094,1274000.0
2019-05-02,59.46648406982422,3550000.0
2019-05-03,60.12055587768555,2289800.0
2019-05-06,60.478939056396484,1260900.0
2019-05-07,61.15093231201172,2877900.0
2019-05-08,61.19573211669922,2047200.0
2019-05-09,61.49142074584961,1444000.0
2019-05-10,60.43415451049805,1225000.0
2019-05-13,59.61880111694336,2145700.0
2019-05-14,60.04887771606445,1980300.0
2019-05-15,60.093658447265625,2318900.0
2019-05-16,59.92343521118164,2356500.0
2019-05-17,60.59541320800781,1512700.0
2019-05-20,60.514793395996094,1487200.0
2019-05-21,58.561546325683594,2769600.0
2019-05-22,57.038368225097656,1931600.0
2019-05-23,56.518707275390625,1958000.0
2019-05-24,55.667518615722656,2018100.0
2019-05-28,54.46689224243164,4988700.0
2019-05-29,53.696346282958984,2360800.0
2019-05-30,53.80386734008789,1227000.0
2019-05-31,53.087066650390625,1327000.0
2019-06-03,53.9741096496582,1154800.0
2019-06-04,54.86112594604492,3288800.0
2019-06-05,55.8646354675293,1624400.0
2019-06-06,55.90047073364258,1387700.0
2019-06-07,54.64608383178711,1569000.0
2019-06-10,55.031368255615234,1089800.0
2019-06-11,55.47936248779297,921000.0
2019-06-12,54.98656463623047,691300.0
2019-06-13,54.84321212768555,1135900.0
2019-06-14,55.291202545166016,1295100.0
2019-06-17,53.624671936035156,1304100.0
2019-06-18,52.836204528808594,1070900.0
2019-06-19,54.94176483154297,1646700.0
2019-06-20,54.959686279296875,1041300.0
2019-06-21,54.511695861816406,1955300.0
2019-06-24,54.44001770019531,1045100.0
2019-06-25,56.03487014770508,2027400.0
2019-06-26,56.447021484375,2281300.0
2019-06-27,55.28223419189453,1315000.0
2019-06-28,56.769569396972656,2422000.0
2019-07-01,56.02590560913086,1064400.0
2019-07-02,56.10655212402344,998700.0
2019-07-03,57.092140197753906,670900.0
2019-07-05,57.64764404296875,706100.0
2019-07-08,57.692440032958984,956400.0
2019-07-09,58.310672760009766,2706600.0
2019-07-10,59.314170837402344,2535000.0
2019-07-11,60.55064010620117,2758600.0
2019-07-12,59.072269439697266,2027500.0
2019-07-15,59.46648406982422,1269400.0
2019-07-16,59.842811584472656,1250400.0
2019-07-17,60.102638244628906,810900.0
2019-07-18,60.89108657836914,892500.0
2019-07-19,61.43766403198242,1647200.0
2019-07-22,60.532691955566406,1979700.0
2019-07-23,57.038368225097656,3855700.0
2019-07-24,56.88604736328125,2441700.0
2019-07-25,58.05083084106445,1483600.0
2019-07-26,57.9522819519043,1319900.0
2019-07-29,58.731781005859375,1061900.0
2019-07-30,60.514793395996094,1642100.0
2019-07-31,60.13847351074219,2230500.0
2019-08-01,59.805965423583984,1137600.0
2019-08-02,60.264286041259766,1101600.0
2019-08-05,58.736572265625,1022100.0
2019-08-06,58.36811065673828,1225500.0
2019-08-07,58.9702262878418,970800.0
2019-08-08,60.06658935546875,1236900.0
2019-08-09,60.264286041259766,544000.0
2019-08-12,61.01918029785156,441300.0
2019-08-13,60.47996139526367,1410200.0
2019-08-14,60.0306510925293,1232400.0
2019-08-15,61.01918029785156,749100.0
2019-08-16,61.836952209472656,793700.0
2019-08-19,63.01420593261719,1447100.0
2019-08-20,61.33369445800781,1249600.0
2019-08-21,61.50444030761719,732500.0
2019-08-22,62.46601486206055,752700.0
2019-08-23,61.4684944152832,673500.0
2019-08-26,61.89088821411133,600400.0
2019-08-27,61.513427734375,630000.0
2019-08-28,61.80099868774414,470600.0
2019-08-29,62.834476470947266,429100.0
2019-08-30,63.256839752197266,772900.0
2019-09-03,64.1285400390625,611700.0
2019-09-04,65.0451431274414,896900.0
2019-09-05,64.51495361328125,920300.0
2019-09-06,64.00271606445312,843600.0
2019-09-09,63.85894775390625,526900.0
2019-09-10,63.418582916259766,693000.0
2019-09-11,64.32624816894531,657700.0
2019-09-12,64.65873718261719,522300.0
2019-09-13,64.8385009765625,913400.0
2019-09-16,65.7730941772461,955700.0
2019-09-17,66.50102233886719,1109400.0
2019-09-18,66.27632904052734,1059200.0
2019-09-19,66.16851043701172,1055300.0
2019-09-20,66.06965637207031,1409700.0
2019-09-23,66.62681579589844,956200.0
2019-09-24,66.37519836425781,906600.0
2019-09-25,66.37519836425781,987100.0
2019-09-26,66.13256072998047,940700.0
2019-09-27,65.92586517333984,722700.0
2019-09-30,65.35071563720703,1651100.0
2019-10-01,66.11459350585938,2015100.0
2019-10-02,65.9168701171875,2914300.0
2019-10-03,69.98780822753906,2599200.0
2019-10-04,69.88896179199219,1333500.0
2019-10-07,68.21744537353516,1338600.0
2019-10-08,68.81056213378906,1345400.0
2019-10-09,68.26238250732422,573100.0
2019-10-10,68.66677856445312,829500.0
2019-10-11,68.37920379638672,521700.0
2019-10-14,68.15453338623047,458500.0
2019-10-15,67.84900665283203,721100.0
2019-10-16,68.50503540039062,762000.0
2019-10-17,69.241943359375,724700.0
2019-10-18,69.1700210571289,612100.0
2019-10-21,69.03524017333984,581500.0
2019-10-22,67.69623565673828,696000.0
2019-10-23,67.2289047241211,1137200.0
2019-10-24,67.0401840209961,760400.0
2019-10-25,67.39967346191406,728100.0
2019-10-28,68.32527923583984,675400.0
2019-10-29,69.21495819091797,649400.0
2019-10-30,69.87098693847656,613000.0
2019-10-31,70.31246948242188,941600.0
2019-11-01,69.88900756835938,867800.0
2019-11-04,69.56464385986328,1387600.0
2019-11-05,69.24932098388672,739200.0
2019-11-06,71.24047088623047,835100.0
2019-11-07,71.17739868164062,801000.0
2019-11-08,71.13236236572266,460400.0
2019-11-11,72.51985931396484,673200.0
2019-11-12,72.1865005493164,903600.0
2019-11-13,72.9793701171875,784500.0
2019-11-14,73.0154037475586,658000.0
2019-11-15,74.72727966308594,1442500.0
2019-11-18,75.10569763183594,2253800.0
2019-11-19,75.4570541381836,961400.0
2019-11-20,75.22281646728516,819100.0
2019-11-21,74.6371841430664,952800.0
2019-11-22,74.70027160644531,678800.0
2019-11-25,75.16876220703125,800900.0
2019-11-26,75.54716491699219,2606900.0
2019-11-27,75.70030975341797,917400.0
2019-11-29,75.664306640625,544800.0
2019-12-02,75.70934295654297,1691700.0
2019-12-03,76.05171966552734,951300.0
2019-12-04,75.79945373535156,1152600.0
2019-12-05,76.05171966552734,681100.0
2019-12-06,75.88053894042969,687800.0
2019-12-09,75.82647705078125,707300.0
2019-12-10,75.70030975341797,638100.0
2019-12-11,76.02467346191406,476200.0
2019-12-12,75.78141784667969,821900.0
2019-12-13,75.77240753173828,1395800.0
2019-12-16,75.65528106689453,1172900.0
2019-12-17,75.76339721679688,723200.0
2019-12-18,75.83545684814453,968600.0
2019-12-19,75.86250305175781,1027500.0
2019-12-20,77.33110809326172,2257200.0
2019-12-23,77.0337905883789,553400.0
2019-12-24,76.70943450927734,444600.0
2019-12-26,77.61941528320312,370100.0
2019-12-27,77.54731750488281,427700.0
2019-12-30,76.98871612548828,397000.0
2019-12-31,77.51130676269531,1044800.0
2020-01-02,75.76339721679688,1593400.0
2020-01-03,84.29566192626953,3940600.0
2020-01-06,81.71886444091797,1960200.0
2020-01-07,82.17838287353516,1768800.0
2020-01-08,82.22341918945312,1516400.0
2020-01-09,81.79997253417969,945700.0
2020-01-10,81.52067565917969,908900.0
2020-01-13,82.1964111328125,1586800.0
2020-01-14,81.69182586669922,685500.0
2020-01-15,81.88106536865234,809300.0
2020-01-16,81.98918151855469,682000.0
2020-01-17,81.53865814208984,908500.0
2020-01-21,82.16934967041016,1010900.0
2020-01-22,82.16036224365234,1001400.0
2020-01-23,81.89006805419922,901300.0
2020-01-24,81.70986938476562,519000.0
2020-01-27,81.47559356689453,907200.0
2020-01-28,82.58380126953125,1016500.0
2020-01-29,82.93518829345703,739700.0
2020-01-30,83.20618438720703,740200.0
2020-01-31,82.47454071044922,932900.0
2020-02-03,82.87198638916016,1438200.0
2020-02-04,83.35070037841797,660600.0
2020-02-05,83.62167358398438,973400.0
2020-02-06,84.15454864501953,1128200.0
2020-02-07,85.31070709228516,611000.0
2020-02-10,85.42811584472656,580400.0
2020-02-11,85.92491149902344,676700.0
2020-02-12,85.36490631103516,465400.0
2020-02-13,85.88876342773438,506400.0
2020-02-14,85.9610366821289,466200.0
2020-02-18,86.59329223632812,962800.0
2020-02-19,85.22036743164062,534200.0
2020-02-20,85.73522186279297,527600.0
2020-02-21,85.6629867553711,421700.0
2020-02-24,86.09651184082031,713900.0
2020-02-25,84.69649505615234,937400.0
2020-02-26,83.58551788330078,778500.0
2020-02-27,80.79452514648438,984500.0
2020-02-28,78.48225402832031,2623100.0
2020-03-02,78.2654800415039,2420900.0
2020-03-03,77.22674560546875,1628800.0
2020-03-04,79.56612396240234,1446500.0
2020-03-05,78.00354766845703,1368900.0
2020-03-06,75.30284881591797,2409500.0
2020-03-09,66.27949523925781,1633300.0
2020-03-10,65.69241333007812,2145400.0
2020-03-11,64.5182113647461,2586500.0
2020-03-12,57.22907257080078,2194800.0
2020-03-13,57.67167663574219,2633100.0
2020-03-16,47.36573028564453,2337400.0
2020-03-17,47.98896026611328,2960400.0
2020-03-18,40.65468215942383,2218200.0
2020-03-19,44.08698654174805,2433300.0
2020-03-20,43.02116775512695,2763700.0
2020-03-23,43.093421936035156,1847000.0
2020-03-24,49.714149475097656,3074900.0
2020-03-25,50.87932586669922,2533600.0
2020-03-26,53.146461486816406,1826300.0
2020-03-27,51.71030044555664,1975700.0
2020-03-30,52.062564849853516,2033000.0
2020-03-31,51.5748176574707,2603700.0
2020-04-01,46.065067291259766,3141100.0
2020-04-02,45.05345153808594,3217500.0
2020-04-03,45.34247589111328,1692100.0
2020-04-06,46.80573272705078,1977700.0
2020-04-07,49.768348693847656,2614700.0
2020-04-08,52.161922454833984,1857500.0
2020-04-09,52.74903106689453,2046900.0
2020-04-13,52.622581481933594,1071800.0
2020-04-14,54.826473236083984,2045400.0
2020-04-15,50.49996566772461,2021700.0
2020-04-16,51.98127365112305,1221500.0
2020-04-17,54.1219482421875,1533700.0
2020-04-20,51.94513702392578,1245400.0
2020-04-21,50.31931686401367,1341100.0
2020-04-22,50.87932586669922,981800.0
2020-04-23,51.20448684692383,1418000.0
2020-04-24,52.18902587890625,1152800.0
2020-04-27,52.8845100402832,1069200.0
2020-04-28,54.338722229003906,1373100.0
2020-04-29,58.61103439331055,2033300.0
2020-04-30,55.4226188659668,2377600.0
2020-05-01,52.70384979248047,884100.0
2020-05-04,52.116756439208984,898800.0
2020-05-05,53.26387023925781,1021700.0
2020-05-06,53.29096984863281,1071400.0
2020-05-07,50.25327682495117,1966200.0
2020-05-08,55.80272674560547,1908700.0
2020-05-11,54.097999572753906,902900.0
2020-05-12,52.80131149291992,1040000.0
2020-05-13,49.67295455932617,1271600.0
2020-05-14,49.428123474121094,1114700.0
2020-05-15,47.23373794555664,1289000.0
2020-05-18,51.114707946777344,1416700.0
2020-05-19,50.65226364135742,1503800.0
2020-05-20,51.02403259277344,2020100.0
2020-05-21,50.625064849853516,1449700.0
2020-05-22,51.885467529296875,1291900.0
2020-05-26,55.04104232788086,1923800.0
2020-05-27,56.174503326416016,1957400.0
2020-05-28,54.06172180175781,2104300.0
2020-05-29,54.4607048034668,6912000.0
2020-06-01,55.84806823730469,2174800.0
2020-06-02,56.01128387451172,1573900.0
2020-06-03,58.740657806396484,1708100.0
2020-06-04,59.67463302612305,1536100.0
2020-06-05,64.60749053955078,3251700.0
2020-06-08,67.62702941894531,4498500.0
2020-06-09,65.19686889648438,3542400.0
2020-06-10,63.94553756713867,1858600.0
2020-06-11,57.36237335205078,1973400.0
2020-06-12,58.91295623779297,1142700.0
2020-06-15,59.41167449951172,1084500.0
2020-06-16,61.62418746948242,1106200.0
2020-06-17,61.506317138671875,1352300.0
2020-06-18,61.47004699707031,850100.0
2020-06-19,60.02827835083008,1356900.0
2020-06-22,59.71091079711914,868300.0
2020-06-23,60.33657455444336,1529300.0
2020-06-24,57.171958923339844,1390000.0
2020-06-25,57.906436920166016,977800.0
2020-06-26,56.7004280090332,1970000.0
2020-06-29,57.36237335205078,985900.0
2020-06-30,57.96991729736328,873400.0
2020-07-01,57.50745391845703,784300.0
2020-07-02,57.543731689453125,757200.0
2020-07-06,58.078739166259766,775200.0
2020-07-07,57.171958923339844,1085100.0
2020-07-08,56.08381652832031,1326800.0
2020-07-09,54.37003707885742,1589400.0
2020-07-10,57.135677337646484,994800.0
2020-07-13,57.852027893066406,873000.0
2020-07-14,59.982940673828125,1202400.0
2020-07-15,61.89622497558594,1308900.0
2020-07-16,60.681148529052734,1104700.0
2020-07-17,60.20962905883789,1004400.0
2020-07-20,58.94015884399414,849500.0
2020-07-21,59.79252624511719,877400.0
2020-07-22,61.805564880371094,741500.0
2020-07-23,62.31334686279297,569800.0
2020-07-24,61.47004699707031,945000.0
2020-07-27,63.92740249633789,1547300.0
2020-07-28,56.60068893432617,3554400.0
2020-07-29,54.23401641845703,2963100.0
2020-07-30,53.78969192504883,1028500.0
2020-07-31,54.47884750366211,971700.0
2020-08-03,54.52417755126953,1057000.0
2020-08-04,55.98408126831055,853400.0
2020-08-05,56.94525146484375,1082600.0
2020-08-06,57.79165267944336,1249000.0
2020-08-07,57.10908126831055,879900.0
2020-08-10,58.76546859741211,736500.0
2020-08-11,58.43782043457031,799700.0
2020-08-12,58.5925407409668,792900.0
2020-08-13,58.87467575073242,571900.0
2020-08-14,58.83827590942383,604700.0
2020-08-17,57.746150970458984,869400.0
2020-08-18,57.591434478759766,1043600.0
2020-08-19,58.30131912231445,780500.0
2020-08-20,56.735923767089844,655900.0
2020-08-21,55.953243255615234,672400.0
2020-08-24,57.93727493286133,877000.0
2020-08-25,57.27288818359375,469800.0
2020-08-26,55.92594528198242,1035500.0
2020-08-27,56.836055755615234,1145600.0
2020-08-28,58.419639587402344,1009200.0
2020-08-31,57.20008850097656,921600.0
2020-09-01,55.81672286987305,872600.0
2020-09-02,57.127281188964844,996300.0
2020-09-03,57.591434478759766,1081100.0
2020-09-04,56.82693862915039,580400.0
2020-09-08,55.60740280151367,790000.0
2020-09-09,55.880428314208984,872300.0
2020-09-10,56.42650604248047,1070300.0
2020-09-11,57.63694381713867,991200.0
2020-09-14,59.71197509765625,750500.0
2020-09-15,61.20455551147461,1544500.0
2020-09-16,62.060054779052734,1318600.0
2020-09-17,63.798336029052734,1421800.0
2020-09-18,62.196563720703125,1429700.0
2020-09-21,59.165924072265625,1092400.0
2020-09-22,57.85536193847656,1383300.0
2020-09-23,57.81895446777344,957500.0
2020-09-24,57.03627014160156,735800.0
2020-09-25,59.056697845458984,872100.0
2020-09-28,60.767696380615234,668300.0
2020-09-29,59.42074966430664,744300.0
2020-09-30,60.31262969970703,856300.0
2020-10-01,60.676692962646484,819200.0
2020-10-02,61.82341766357422,699700.0
2020-10-05,63.29777908325195,989700.0
2020-10-06,63.85295867919922,1791900.0
2020-10-07,65.71866607666016,2515400.0
2020-10-08,67.64807891845703,1069700.0
2020-10-09,66.62879180908203,1324500.0
2020-10-12,66.0918197631836,630700.0
2020-10-13,65.49114227294922,757100.0
2020-10-14,65.64584350585938,502100.0
2020-10-15,66.65607452392578,618000.0
2020-10-16,66.16460418701172,964000.0
2020-10-19,65.2181167602539,788800.0
2020-10-20,65.42742919921875,857200.0
2020-10-21,64.92686462402344,1885600.0
2020-10-22,66.32843780517578,1632200.0
2020-10-23,65.6276626586914,688400.0
2020-10-26,61.696006774902344,1201200.0
2020-10-27,60.2762451171875,749200.0
2020-10-28,57.61873245239258,1089600.0
2020-10-29,58.328609466552734,1129300.0
2020-10-30,57.746150970458984,725800.0
2020-11-02,59.76657485961914,1062800.0
2020-11-03,61.18635559082031,671000.0
2020-11-04,61.16814422607422,1237200.0
2020-11-05,61.88046646118164,766900.0
2020-11-06,60.62934494018555,768700.0
2020-11-09,69.28672790527344,2421900.0
2020-11-10,69.82555389404297,1073900.0
2020-11-11,67.37811279296875,1025100.0
2020-11-12,65.21375274658203,735800.0
2020-11-13,65.6886215209961,585600.0
2020-11-16,67.78907012939453,1098700.0
2020-11-17,68.0356216430664,740500.0
2020-11-18,66.88496398925781,1073800.0
2020-11-19,65.38726043701172,1020700.0
2020-11-20,63.57907485961914,1215000.0
2020-11-23,63.98999786376953,1339900.0
2020-11-24,65.73430633544922,1566100.0
2020-11-25,66.90324401855469,1041000.0
2020-11-27,66.83930969238281,661200.0
2020-11-30,66.09956359863281,3592800.0
2020-12-01,66.43748474121094,1064400.0
2020-12-02,66.32788848876953,815900.0
2020-12-03,69.09497833251953,839000.0
2020-12-04,69.75250244140625,1332800.0
2020-12-07,69.95340728759766,853100.0
2020-12-08,70.77532196044922,566000.0
2020-12-09,70.68399810791016,602800.0
2020-12-10,69.7616195678711,963900.0
2020-12-11,70.57439422607422,668100.0
2020-12-14,69.89861297607422,1008000.0
2020-12-15,70.19998168945312,580700.0
2020-12-16,69.4876708984375,514400.0
2020-12-17,71.81639099121094,785900.0
2020-12-18,71.83467864990234,1325900.0
2020-12-21,70.74793243408203,719900.0
2020-12-22,70.62920379638672,640300.0
2020-12-23,71.77986907958984,615100.0
2020-12-24,70.91231536865234,294900.0
2020-12-28,70.72052764892578,371700.0
2020-12-29,70.1725845336914,527800.0
2020-12-30,70.64746856689453,421100.0
2020-12-31,71.9077377319336,382600.0
2021-01-04,69.10409545898438,1162900.0
2021-01-05,68.84839630126953,1018800.0
2021-01-06,69.98079681396484,1244400.0
2021-01-07,69.13150787353516,1418300.0
2021-01-08,70.16345977783203,963700.0
2021-01-11,69.41461944580078,923700.0
2021-01-12,68.56531524658203,1260300.0
2021-01-13,70.03561401367188,855700.0
2021-01-14,71.35980224609375,953400.0
2021-01-15,71.68853759765625,937100.0
2021-01-19,70.40088653564453,889000.0
2021-01-20,70.65658569335938,656200.0
2021-01-21,70.38263702392578,540400.0
2021-01-22,71.3689193725586,844300.0
2021-01-25,71.25933074951172,887600.0
2021-01-26,70.2547836303711,1148100.0
2021-01-27,67.0127944946289,1392300.0
2021-01-28,70.23652648925781,909900.0
2021-01-29,68.21827697753906,881700.0
2021-02-01,69.04016876220703,725100.0
2021-02-02,71.08582305908203,488200.0
2021-02-03,71.7250747680664,531000.0
2021-02-04,72.56318664550781,420900.0
2021-02-05,72.81967163085938,338700.0
2021-02-08,73.01201629638672,529900.0
2021-02-09,72.1510009765625,634800.0
2021-02-10,70.60302734375,590900.0
2021-02-11,70.76788330078125,437900.0
2021-02-12,70.67627716064453,473000.0
2021-02-16,70.27326965332031,405300.0
2021-02-17,70.61217498779297,494100.0
2021-02-18,71.07015228271484,409000.0
2021-02-19,71.52811431884766,549900.0
2021-02-22,73.96461486816406,848600.0
2021-02-23,76.08968353271484,949900.0
2021-02-24,76.56598663330078,660500.0
2021-02-25,73.59825134277344,641300.0
2021-02-26,73.06697082519531,751700.0
2021-03-01,74.44092559814453,732400.0
2021-03-02,74.50504302978516,782000.0
2021-03-03,76.14464569091797,1157600.0
2021-03-04,75.80573272705078,1265400.0
2021-03-05,78.59029388427734,845100.0
2021-03-08,77.21631622314453,868700.0
2021-03-09,74.74320220947266,1616300.0
2021-03-10,73.90966796875,5457700.0
2021-03-11,73.77227783203125,1435400.0
2021-03-12,73.93712615966797,1051800.0
2021-03-15,75.79656982421875,884100.0
2021-03-16,73.55243682861328,604000.0
2021-03-17,73.97380828857422,647300.0
2021-03-18,73.20437622070312,571900.0
2021-03-19,73.49748992919922,927300.0
2021-03-22,72.59066009521484,685200.0
2021-03-23,71.4457015991211,846900.0
2021-03-24,71.43655395507812,680300.0
2021-03-25,73.0944595336914,937700.0
2021-03-26,73.86386108398438,934500.0
2021-03-29,72.53572082519531,794800.0
2021-03-30,72.28840637207031,950500.0
2021-03-31,70.96939849853516,1886400.0
2021-04-01,71.51900482177734,2842700.0
2021-04-05,73.82723236083984,1439500.0
2021-04-06,74.12035369873047,1316200.0
2021-04-07,71.43655395507812,2575200.0
2021-04-08,71.09764099121094,2490400.0
2021-04-09,70.90530395507812,904600.0
2021-04-12,72.07774353027344,1047200.0
2021-04-13,71.17090606689453,790100.0
2021-04-14,71.00602722167969,826400.0
2021-04-15,72.11437225341797,1053900.0
2021-04-16,73.83637237548828,1213100.0
2021-04-19,73.03034210205078,705900.0
2021-04-20,72.50824737548828,562400.0
2021-04-21,74.07453918457031,605100.0
2021-04-22,73.3875732421875,429000.0
2021-04-23,74.50504302978516,406800.0
2021-04-26,74.75237274169922,647600.0
2021-04-27,73.69898986816406,812400.0
2021-04-28,72.98452758789062,822000.0
2021-04-29,73.81807708740234,991600.0
2021-04-30,73.73563385009766,845100.0
2021-05-03,74.4592514038086,841200.0
2021-05-04,72.23342895507812,1558700.0
2021-05-05,72.03191375732422,727500.0
2021-05-06,71.7057876586914,693900.0
2021-05-07,72.5510025024414,655200.0
2021-05-10,72.4867172241211,481900.0
2021-05-11,71.78846740722656,684500.0
2021-05-12,70.51145935058594,643500.0
2021-05-13,72.0273208618164,832900.0
2021-05-14,72.3856201171875,632200.0
2021-05-17,71.36585235595703,696000.0
2021-05-18,71.18211364746094,733700.0
2021-05-19,70.86975860595703,658600.0
2021-05-20,71.255615234375,1006300.0
2021-05-21,73.71778106689453,995400.0
2021-05-24,73.892333984375,750700.0
2021-05-25,73.72695922851562,693700.0
2021-05-26,74.12202453613281,531600.0
2021-05-27,73.72695922851562,1087200.0
2021-05-28,75.78488159179688,947600.0
2021-06-01,77.13536834716797,1194800.0
2021-06-02,77.30077362060547,780500.0
2021-06-03,76.8046646118164,632900.0
2021-06-04,77.17215728759766,421500.0
2021-06-07,76.9884033203125,863400.0
2021-06-08,76.8046646118164,1027000.0
2021-06-09,75.7940673828125,676000.0
2021-06-10,75.3990249633789,1051100.0
2021-06-11,76.90571594238281,974600.0
2021-06-14,76.64849090576172,714100.0
2021-06-15,75.88594055175781,471700.0
2021-06-16,74.76509094238281,530500.0
2021-06-17,73.06547546386719,916300.0
2021-06-18,71.61390686035156,1657400.0
2021-06-21,73.1849136352539,1708600.0
2021-06-22,73.32272338867188,893000.0
2021-06-23,72.5234375,464000.0
2021-06-24,73.52485656738281,704000.0
2021-06-25,74.12202453613281,1055800.0
2021-06-28,73.38702392578125,693600.0
2021-06-29,72.8357925415039,419600.0
2021-06-30,74.10363006591797,884400.0
2021-07-01,74.21387481689453,529200.0
2021-07-02,73.74532318115234,575900.0
2021-07-06,73.30435180664062,513600.0
2021-07-07,73.4329833984375,486000.0
2021-07-08,73.1297836303711,595100.0
2021-07-09,74.25061798095703,463100.0
2021-07-12,73.22166442871094,414200.0
2021-07-13,71.62311553955078,583800.0
2021-07-14,71.65984344482422,519200.0
2021-07-15,72.25701141357422,608400.0
2021-07-16,71.33829498291016,452500.0
2021-07-19,68.07685852050781,1832800.0
2021-07-20,69.80401611328125,1778500.0
2021-07-21,69.54679870605469,780400.0
2021-07-22,68.51785278320312,1343600.0
2021-07-23,69.3630599975586,955300.0
2021-07-26,69.89591979980469,1283000.0
2021-07-27,60.442325592041016,4351000.0
2021-07-28,61.38859939575195,2962000.0
2021-07-29,61.78365707397461,2976900.0
2021-07-30,61.34267044067383,921800.0
2021-08-02,61.875518798828125,1952100.0
2021-08-03,61.24160385131836,1303800.0
2021-08-04,60.07482147216797,1640700.0
2021-08-05,59.17586898803711,1368000.0
2021-08-06,60.005699157714844,1137500.0
2021-08-09,59.37870407104492,1234300.0
2021-08-10,60.3929443359375,993500.0
2021-08-11,60.9461669921875,1025100.0
2021-08-12,60.49436569213867,836000.0
2021-08-13,61.30574035644531,717000.0
2021-08-16,61.268863677978516,778100.0
2021-08-17,60.890838623046875,812100.0
2021-08-18,60.99226760864258,1395800.0
2021-08-19,60.60501480102539,2171100.0
2021-08-20,60.005699157714844,1261300.0
2021-08-23,60.97380447387695,1471000.0
2021-08-24,61.434818267822266,1027200.0
2021-08-25,60.936927795410156,724800.0
2021-08-26,59.480125427246094,695600.0
2021-08-27,60.44825744628906,953700.0
2021-08-30,59.33259963989258,924600.0
2021-08-31,60.070228576660156,1081500.0
2021-09-01,60.466697692871094,989800.0
2021-09-02,59.47091293334961,762700.0
2021-09-03,58.62263870239258,602000.0
2021-09-07,57.3133544921875,1439900.0
2021-09-08,57.1381721496582,647000.0
2021-09-09,56.47431182861328,1082600.0
2021-09-10,55.7735710144043,1027900.0
2021-09-13,56.667938232421875,1037000.0
2021-09-14,56.13316345214844,685700.0
2021-09-15,56.271461486816406,871700.0
2021-09-16,57.04597854614258,842400.0
2021-09-17,56.769351959228516,1748700.0
2021-09-20,56.723262786865234,857200.0
2021-09-21,56.4835319519043,783600.0
2021-09-22,56.26224899291992,1236500.0
2021-09-23,55.66292953491211,1907100.0
2021-09-24,56.0501823425293,1495000.0
2021-09-27,56.732479095458984,1012000.0
2021-09-28,56.511199951171875,1357700.0
2021-09-29,56.80624008178711,693200.0
2021-09-30,56.584957122802734,1359400.0
2021-10-01,57.9034538269043,894900.0
2021-10-04,58.02332305908203,995200.0
2021-10-05,57.58076095581055,1220200.0
2021-10-06,57.47931671142578,2301700.0
2021-10-07,53.6621208190918,6425800.0
2021-10-08,51.99324417114258,3133500.0
2021-10-11,50.896034240722656,1987200.0
2021-10-12,50.79460525512695,1800500.0
2021-10-13,51.61521911621094,1812400.0
2021-10-14,53.440834045410156,1960900.0
2021-10-15,51.85495376586914,2070400.0
2021-10-18,51.172637939453125,1065200.0
2021-10-19,51.58755111694336,958800.0
2021-10-20,52.99826431274414,1238700.0
2021-10-21,52.776973724365234,1006700.0
2021-10-22,54.48271942138672,1762900.0
2021-10-25,53.846527099609375,1558600.0
2021-10-26,53.79119873046875,973100.0
2021-10-27,52.97059631347656,926800.0
2021-10-28,53.007484436035156,988300.0
2021-10-29,52.0485725402832,1017800.0
2021-11-01,53.072021484375,818800.0
2021-11-02,52.297515869140625,1237000.0
2021-11-03,53.293312072753906,1326800.0
2021-11-04,51.98331069946289,1793200.0
2021-11-05,53.381256103515625,1548200.0
2021-11-08,53.816383361816406,2334300.0
2021-11-09,54.418148040771484,1436100.0
2021-11-10,54.23298645019531,1980000.0
2021-11-11,53.53865432739258,1685600.0
2021-11-12,52.31659698486328,3069900.0
2021-11-15,53.87194061279297,2479900.0
2021-11-16,53.43681716918945,1669500.0
2021-11-17,54.344085693359375,1878900.0
2021-11-18,52.67765808105469,2328100.0
2021-11-19,52.18699264526367,2210700.0
2021-11-22,53.09426498413086,2003300.0
2021-11-23,52.872066497802734,2293300.0
2021-11-24,51.816673278808594,1736000.0
2021-11-26,48.83562088012695,2269400.0
2021-11-29,49.33554458618164,2536400.0
2021-11-30,48.06719970703125,10607200.0
2021-12-01,46.511878967285156,1837600.0
2021-12-02,49.12261199951172,2444700.0
2021-12-03,49.97433853149414,2232900.0
2021-12-06,50.77052688598633,2596300.0
2021-12-07,52.2332763671875,1734800.0
2021-12-08,52.8165283203125,1163400.0
2021-12-09,52.50175094604492,1243700.0
2021-12-10,52.8165283203125,1218200.0
2021-12-13,52.55730056762695,1050300.0
2021-12-14,52.66840362548828,1154600.0
2021-12-15,52.94613265991211,1564000.0
2021-12-16,52.973915100097656,1849200.0
2021-12-17,53.73306655883789,2689000.0
2021-12-20,54.66811752319336,2071100.0
2021-12-21,56.64005661010742,1880300.0
2021-12-22,56.427120208740234,940100.0
2021-12-23,57.167755126953125,765000.0
2021-12-27,57.167755126953125,1111600.0
2021-12-28,57.6028938293457,746500.0
2021-12-29,58.01022720336914,690600.0
2021-12-30,58.34352493286133,926200.0
2021-12-31,58.67679977416992,714900.0
2022-01-03,59.17673110961914,1689100.0
2022-01-04,58.60274124145508,2269100.0
2022-01-05,58.436092376708984,1735700.0
2022-01-06,62.78732681274414,5555900.0
2022-01-07,65.0277328491211,3026100.0
2022-01-10,63.453887939453125,2278600.0
2022-01-11,64.1852798461914,1711600.0
2022-01-12,63.722389221191406,1460100.0
2022-01-13,63.91680145263672,1078400.0
2022-01-14,63.814945220947266,1190000.0
2022-01-18,62.69475173950195,1174000.0
2022-01-19,62.055946350097656,1093400.0
2022-01-20,60.48209762573242,1232600.0
2022-01-21,60.00069046020508,1381400.0
2022-01-24,60.046974182128906,1860900.0
2022-01-25,59.25079345703125,1359700.0
2022-01-26,58.99156951904297,1138500.0
2022-01-27,58.8712158203125,895200.0
2022-01-28,59.287818908691406,1246700.0
2022-01-31,59.44520568847656,1171900.0
2022-02-01,59.797000885009766,1169900.0
2022-02-02,59.51927185058594,1075100.0
2022-02-03,59.4495735168457,1062300.0
2022-02-04,58.31578826904297,679100.0
2022-02-07,59.728370666503906,1306400.0
2022-02-08,60.13727569580078,883000.0
2022-02-09,61.8751335144043,1190700.0
2022-02-10,61.54056930541992,1201400.0
2022-02-11,61.568458557128906,1091100.0
2022-02-14,60.75993728637695,604000.0
2022-02-15,62.070289611816406,686300.0
2022-02-16,62.38626480102539,704600.0
2022-02-17,61.45692825317383,536300.0
2022-02-18,61.80080032348633,940600.0
2022-02-22,61.96806335449219,1168500.0
2022-02-23,61.475528717041016,586300.0
2022-02-24,60.01647186279297,1212600.0
2022-02-25,63.04609680175781,1179100.0
2022-02-28,61.735740661621094,846700.0
2022-03-01,59.24512481689453,906500.0
2022-03-02,59.012786865234375,1463300.0
2022-03-03,56.77308654785156,1521200.0
2022-03-04,53.92002868652344,1983400.0
2022-03-07,48.929500579833984,2860400.0
2022-03-08,48.102386474609375,2658300.0
2022-03-09,49.552154541015625,2195600.0
2022-03-10,47.70277786254883,1335900.0
2022-03-11,46.56898880004883,1500800.0
2022-03-14,46.429595947265625,1556400.0
2022-03-15,46.99648666381836,1204100.0
2022-03-16,49.32911682128906,1761500.0
2022-03-17,49.71014404296875,1318800.0
2022-03-18,50.72311782836914,2135100.0
2022-03-21,50.63947677612305,1280400.0
2022-03-22,51.78255844116211,1152000.0
2022-03-23,50.92757034301758,1254200.0
2022-03-24,51.819725036621094,898500.0
2022-03-25,53.17656326293945,1068900.0
2022-03-28,53.910728454589844,1053700.0
2022-03-29,55.41626739501953,1395900.0
2022-03-30,55.49989700317383,1070200.0
2022-03-31,55.676475524902344,1653400.0
2022-04-01,56.87531280517578,1642300.0
2022-04-04,56.40135192871094,1545800.0
2022-04-05,56.02962112426758,1254400.0
2022-04-06,56.16902542114258,1462600.0
2022-04-07,60.64841842651367,3190700.0
2022-04-08,61.64280319213867,2049300.0
2022-04-11,61.298954010009766,1663600.0
2022-04-12,61.5777473449707,908200.0
2022-04-13,62.56283187866211,747600.0
2022-04-14,63.8546142578125,1428000.0
2022-04-18,62.41416549682617,944100.0
2022-04-19,63.259849548339844,952500.0
2022-04-20,64.2635269165039,859400.0
2022-04-21,63.80815887451172,592400.0
2022-04-22,63.38066482543945,984100.0
2022-04-25,64.2542495727539,717700.0
2022-04-26,61.68927764892578,746000.0
2022-04-27,62.11676788330078,637600.0
2022-04-28,62.97175979614258,778100.0
2022-04-29,61.429054260253906,930600.0
2022-05-02,61.215309143066406,1019100.0
2022-05-03,61.382591247558594,1050100.0
2022-05-04,61.2338981628418,1021200.0
2022-05-05,59.16774368286133,1121500.0
2022-05-06,58.906558990478516,1030600.0
2022-05-09,58.50544738769531,1300300.0
2022-05-10,58.225608825683594,798300.0
2022-05-11,57.218177795410156,1187500.0
2022-05-12,57.31145095825195,1098500.0
2022-05-13,59.26102066040039,1249100.0
2022-05-16,59.2516975402832,1048400.0
2022-05-17,60.11919403076172,1024400.0
2022-05-18,58.206947326660156,1664600.0
2022-05-19,58.225608825683594,1192000.0
2022-05-20,58.92521286010742,848300.0
2022-05-23,59.6807746887207,907200.0
2022-05-24,59.44758224487305,689500.0
2022-05-25,59.35430145263672,980200.0
2022-05-26,61.359825134277344,833900.0
2022-05-27,63.42132568359375,761000.0
2022-05-31,63.03886795043945,1802900.0
2022-06-01,62.096744537353516,895800.0
2022-06-02,63.533260345458984,1089300.0
2022-06-03,63.58922576904297,802000.0
2022-06-06,64.34478759765625,661700.0
2022-06-07,64.41008758544922,712500.0
2022-06-08,63.6825065612793,772900.0
2022-06-09,62.88962173461914,842600.0
2022-06-10,62.10606384277344,1056800.0
2022-06-13,60.77216720581055,1507300.0
2022-06-14,59.839351654052734,1313600.0
2022-06-15,60.74419021606445,933400.0
2022-06-16,59.42892074584961,953200.0
2022-06-17,61.06133270263672,2530200.0
2022-06-21,62.581790924072266,1462900.0
2022-06-22,63.635868072509766,1269100.0
2022-06-23,64.55001831054688,1491500.0
2022-06-24,67.07791900634766,3622900.0
2022-06-27,67.7868423461914,1160200.0
2022-06-28,66.89134979248047,1096400.0
2022-06-29,67.18984985351562,841600.0
2022-06-30,66.65814971923828,1587300.0
2022-07-01,66.84471130371094,1477700.0
2022-07-05,68.4677963256836,1381300.0
2022-07-06,68.58905029296875,1880600.0
2022-07-07,69.75505828857422,1615500.0
2022-07-08,69.90431213378906,1310400.0
2022-07-11,69.61514282226562,1011400.0
2022-07-12,69.18605041503906,1602400.0
2022-07-13,68.26256561279297,1938600.0
2022-07-14,68.9808349609375,1260000.0
2022-07-15,68.65436553955078,1046400.0
2022-07-18,68.2345962524414,891100.0
2022-07-19,69.65245056152344,1670900.0
2022-07-20,69.59648895263672,845700.0
2022-07-21,70.11885070800781,889800.0
2022-07-22,69.91365051269531,763200.0
2022-07-25,69.8296890258789,1934800.0
2022-07-26,70.10018157958984,1510300.0
2022-07-27,71.95648193359375,2633600.0
2022-07-28,74.76422882080078,2890400.0
2022-07-29,74.30714416503906,1976600.0
2022-08-01,75.1839828491211,1577900.0
2022-08-02,75.89291381835938,1114100.0
2022-08-03,76.25670623779297,996400.0
2022-08-04,75.43804168701172,1070800.0
2022-08-05,76.02747344970703,1166900.0
2022-08-08,74.84862518310547,1165000.0
2022-08-09,74.28723907470703,1749500.0
2022-08-10,75.4567642211914,1306700.0
2022-08-11,75.1386489868164,850000.0
2022-08-12,76.41107177734375,1082400.0
2022-08-15,77.88934326171875,808700.0
2022-08-16,77.32796478271484,1062000.0
2022-08-17,76.90693664550781,927100.0
2022-08-18,76.78531646728516,830500.0
2022-08-19,76.66368865966797,604800.0
2022-08-22,76.02747344970703,1076500.0
2022-08-23,76.33621978759766,890300.0
2022-08-24,77.09406280517578,719600.0
2022-08-25,77.26246643066406,914600.0
2022-08-26,75.5222396850586,598000.0
2022-08-29,75.24156188964844,1341700.0
2022-08-30,74.64276885986328,1153200.0
2022-08-31,74.40887451171875,1623600.0
2022-09-01,74.3995132446289,1084700.0
2022-09-02,73.19258117675781,1017700.0
2022-09-06,72.9680404663086,2494500.0
2022-09-07,74.9515380859375,860200.0
2022-09-08,74.33402252197266,715500.0
2022-09-09,74.38079833984375,771700.0
2022-09-12,74.90474700927734,1229800.0
2022-09-13,72.18213653564453,1201800.0
2022-09-14,70.87228393554688,1685300.0
2022-09-15,72.62186431884766,1634800.0
2022-09-16,71.6301040649414,2384500.0
2022-09-19,73.00546264648438,1211700.0
2022-09-20,72.56572723388672,1795500.0
2022-09-21,72.92127227783203,1439100.0
2022-09-22,72.8183364868164,2081600.0
2022-09-23,72.55638885498047,2057700.0
2022-09-26,72.66866302490234,1782300.0
2022-09-27,72.2008285522461,1878700.0
2022-09-28,73.91300964355469,1757800.0
2022-09-29,73.05223846435547,1260200.0
2022-09-30,72.39733123779297,1761800.0
2022-10-03,71.69561767578125,3357900.0
2022-10-04,73.77265930175781,3037900.0
2022-10-05,76.86016082763672,5416600.0
2022-10-06,77.40281677246094,2526700.0
2022-10-07,77.4589614868164,1777600.0
2022-10-10,77.58995056152344,1220800.0
2022-10-11,76.11168670654297,2031300.0
2022-10-12,77.54315185546875,1362900.0
2022-10-13,79.38631439208984,1792800.0
2022-10-14,78.58168029785156,1309300.0
2022-10-17,79.10563659667969,1665700.0
2022-10-18,79.78861999511719,1578300.0
2022-10-19,78.46942138671875,1522400.0
2022-10-20,77.35604095458984,1526700.0
2022-10-21,76.4578628540039,1480700.0
2022-10-24,77.40281677246094,2065700.0
2022-10-25,79.18046569824219,1495600.0
2022-10-26,78.6097412109375,2300500.0
2022-10-27,79.38631439208984,1999700.0
2022-10-28,79.96637725830078,980200.0
2022-10-31,80.6680679321289,1750900.0
2022-11-01,80.63066101074219,1200400.0
2022-11-02,80.62130737304688,1614600.0
2022-11-03,79.6220474243164,1195200.0
2022-11-04,80.18500518798828,934000.0
2022-11-07,79.8190689086914,651200.0
2022-11-08,79.92227935791016,1817700.0
2022-11-09,78.1114273071289,1227100.0
2022-11-10,79.40623474121094,1619700.0
2022-11-11,76.78844451904297,2899800.0
2022-11-14,75.16524505615234,1857000.0
2022-11-15,76.27241516113281,3062500.0
2022-11-16,77.6047592163086,1333300.0
2022-11-17,77.70795440673828,1010400.0
2022-11-18,78.83386993408203,1291200.0
2022-11-21,80.85118103027344,1475900.0
2022-11-22,80.8605728149414,944500.0
2022-11-23,81.06697845458984,575100.0
2022-11-25,80.8324203491211,493800.0
2022-11-28,80.19441223144531,1243400.0
2022-11-29,79.80030822753906,1278300.0
2022-11-30,81.53614044189453,8140000.0
2022-12-01,81.17020416259766,1819800.0
2022-12-02,82.31488037109375,1073900.0
2022-12-05,82.26799011230469,1889000.0
2022-12-06,80.9637680053711,1265300.0
2022-12-07,81.69564056396484,1386800.0
2022-12-08,81.16081237792969,934400.0
2022-12-09,80.297607421875,1380300.0
2022-12-12,80.7010726928711,1342500.0
2022-12-13,80.82302856445312,1295900.0
2022-12-14,81.70502471923828,1550300.0
2022-12-15,80.8324203491211,1234300.0
2022-12-16,81.62056732177734,2815200.0
2022-12-19,81.73316192626953,1376500.0
2022-12-20,82.31488037109375,1366200.0
2022-12-21,83.17810821533203,713900.0
2022-12-22,83.11241912841797,1133100.0
2022-12-23,84.09761810302734,1028700.0
2022-12-27,84.45417022705078,1202400.0
2022-12-28,83.44083404541016,1078600.0
2022-12-29,83.45020294189453,1148900.0
2022-12-30,83.84428405761719,931800.0
2023-01-03,81.8645248413086,1990000.0
2023-01-04,82.080322265625,1946300.0
2023-01-05,90.10257720947266,5677700.0
2023-01-06,93.46160888671875,3048900.0
2023-01-09,92.57025909423828,1710000.0
2023-01-10,91.9979019165039,1304800.0
2023-01-11,91.2378921508789,1591000.0
2023-01-12,91.06900024414062,1116200.0
2023-01-13,92.10110473632812,995200.0
2023-01-17,93.8181381225586,1708500.0
2023-01-18,91.0971450805664,1565000.0
2023-01-19,89.73665618896484,1080800.0
2023-01-20,90.59986877441406,1934700.0
2023-01-23,90.19640350341797,2006900.0
2023-01-24,90.99395751953125,937700.0
2023-01-25,91.72579193115234,957800.0
2023-01-26,92.6546859741211,1261000.0
2023-01-27,92.24185943603516,939300.0
2023-01-30,92.46703338623047,781600.0
2023-01-31,93.72433471679688,1696400.0
2023-02-01,93.45221710205078,1392600.0
2023-02-02,91.34456634521484,1533300.0
2023-02-03,92.3231201171875,1292200.0
2023-02-06,93.28285217285156,997000.0
2023-02-07,93.20760345458984,1107400.0
2023-02-08,93.1417236328125,935900.0
2023-02-09,92.3231201171875,1230300.0
2023-02-10,93.4051742553711,1089300.0
2023-02-13,93.70626831054688,813500.0
2023-02-14,93.4051742553711,936000.0
2023-02-15,94.195556640625,1760400.0
2023-02-16,94.10145568847656,1477100.0
2023-02-17,94.543701171875,1300100.0
2023-02-21,94.40255737304688,984900.0
2023-02-22,95.31525421142578,1854600.0
2023-02-23,94.40255737304688,984300.0
2023-02-24,94.07324981689453,713900.0
2023-02-27,95.06119537353516,1138900.0
2023-02-28,94.69422912597656,1264500.0
2023-03-01,94.92945861816406,1270500.0
2023-03-02,96.25616455078125,913100.0
2023-03-03,95.95507049560547,872500.0
2023-03-06,95.96448516845703,1365500.0
2023-03-07,95.0047378540039,1539300.0
2023-03-08,94.02619171142578,1441700.0
2023-03-09,93.33930206298828,1505000.0
2023-03-10,91.86204528808594,1514400.0
2023-03-13,90.62005615234375,1295800.0
2023-03-14,92.7935791015625,1369700.0
2023-03-15,92.20079803466797,1515300.0
2023-03-16,92.48308563232422,1079400.0
2023-03-17,91.56097412109375,2661200.0
2023-03-20,93.22640991210938,1537800.0
2023-03-21,93.76273345947266,1335900.0
2023-03-22,93.8191909790039,1528900.0
2023-03-23,92.94413757324219,1123500.0
2023-03-24,94.27082824707031,1532100.0
2023-03-27,95.67280578613281,1248700.0
2023-03-28,95.67280578613281,1053300.0
2023-03-29,96.51020812988281,1170300.0
2023-03-30,96.78308868408203,1197200.0
2023-03-31,98.34500885009766,1448600.0
2023-04-03,98.06273651123047,1360900.0
2023-04-04,97.46055603027344,1987000.0
2023-04-05,98.01568603515625,2168200.0
2023-04-06,100.5467758178711,3981700.0
2023-04-10,100.95137023925781,1937700.0
2023-04-11,101.65705108642578,1720800.0
2023-04-12,101.77936553955078,1541100.0
2023-04-13,103.00257873535156,1457500.0
2023-04-14,102.2874755859375,1390900.0
2023-04-17,103.00257873535156,1314700.0
2023-04-18,103.17194366455078,1456600.0
2023-04-19,102.5132827758789,1088900.0
2023-04-20,103.67061614990234,1006400.0
2023-04-21,103.83055877685547,1256500.0
2023-04-24,103.3412857055664,938500.0
2023-04-25,103.30365753173828,1166400.0
2023-04-26,103.73648834228516,1517800.0
2023-04-27,105.00672912597656,1008800.0
2023-04-28,105.20430755615234,782100.0
2023-05-01,105.56188201904297,850500.0
2023-05-02,104.83736419677734,757000.0
2023-05-03,104.9690933227539,1075500.0
2023-05-04,104.85589599609375,789900.0
2023-05-05,105.733154296875,819000.0
2023-05-08,105.79918670654297,506300.0
2023-05-09,105.81805419921875,913600.0
2023-05-10,105.28977966308594,779300.0
2023-05-11,106.64813232421875,739100.0
2023-05-12,107.7989501953125,1060100.0
2023-05-15,107.43106842041016,958300.0
2023-05-16,107.19525909423828,1000200.0
2023-05-17,107.17638397216797,1000600.0
2023-05-18,107.38390350341797,1096300.0
2023-05-19,107.98760986328125,2567600.0
2023-05-22,105.41242980957031,1234100.0
2023-05-23,103.6390609741211,1397500.0
2023-05-24,103.11080169677734,1028300.0
2023-05-25,102.76180267333984,1508200.0
2023-05-26,103.24288177490234,1170000.0
2023-05-30,103.08251190185547,1330500.0
2023-05-31,104.89360809326172,4659200.0
2023-06-01,105.71428680419922,1124300.0
2023-06-02,106.84622955322266,1019800.0
2023-06-05,107.97817993164062,828500.0
2023-06-06,107.05374908447266,989600.0
2023-06-07,105.46902465820312,911100.0
2023-06-08,106.96885681152344,909900.0
2023-06-09,107.17638397216797,665900.0
2023-06-12,107.0348892211914,820000.0
2023-06-13,108.52528381347656,1231500.0
2023-06-14,108.47811889648438,712900.0
2023-06-15,108.23286437988281,737100.0
2023-06-16,107.85554504394531,1529700.0
2023-06-20,106.87452697753906,1795700.0
2023-06-21,106.93112182617188,1267100.0
2023-06-22,108.47811889648438,868200.0
2023-06-23,108.18570709228516,2094000.0
2023-06-26,108.15740203857422,763300.0
2023-06-27,107.81782531738281,856000.0
2023-06-28,106.69532012939453,1431600.0
2023-06-29,107.43106842041016,892300.0
2023-06-30,108.43094635009766,1231400.0
2023-07-03,108.5913314819336,673400.0
2023-07-05,107.81782531738281,851400.0
2023-07-06,107.92158508300781,721200.0
2023-07-07,106.23310089111328,730300.0
2023-07-10,105.87464141845703,1045800.0
2023-07-11,104.24275207519531,1933400.0
2023-07-12,106.0161361694336,1367200.0
2023-07-13,105.67655944824219,752000.0
2023-07-14,106.31798553466797,807100.0
2023-07-17,106.59153747558594,803900.0
2023-07-18,105.68598175048828,833800.0
2023-07-19,105.99726867675781,1089900.0
2023-07-20,106.85566711425781,879800.0
2023-07-21,106.55380249023438,864600.0
2023-07-24,106.29913330078125,1406700.0
2023-07-25,99.04524230957031,6416800.0
2023-07-26,95.9889907836914,4358800.0
2023-07-27,96.4040298461914,3300400.0
2023-07-28,96.29084014892578,2532300.0
2023-07-31,97.7529296875,2059100.0
2023-08-01,97.31901550292969,1528200.0
2023-08-02,96.60212707519531,1512900.0
2023-08-03,96.67778778076172,1151500.0
2023-08-04,96.42240905761719,1415500.0
2023-08-07,97.51960754394531,1344800.0
2023-08-08,94.98467254638672,1598200.0
2023-08-09,93.95368194580078,1698600.0
2023-08-10,92.68620300292969,2185100.0
2023-08-11,91.54169464111328,2334600.0
2023-08-14,91.93896484375,1454800.0
2023-08-15,90.79444885253906,1215200.0
2023-08-16,89.51752471923828,1301800.0
2023-08-17,88.2406005859375,1776600.0
2023-08-18,89.62157440185547,1303900.0
2023-08-21,89.37564086914062,1474900.0
2023-08-22,91.0593032836914,1785500.0
2023-08-23,91.41873931884766,1497700.0
2023-08-24,90.52960968017578,1217200.0
2023-08-25,91.13497924804688,794800.0
2023-08-28,91.19171905517578,1106600.0
2023-08-29,91.46602630615234,1122400.0
2023-08-30,92.31732177734375,1260500.0
2023-08-31,92.13760375976562,1094700.0
2023-09-01,92.01463317871094,1158900.0
2023-09-05,91.61736297607422,2059400.0
2023-09-06,91.4944076538086,1098400.0
2023-09-07,93.05509948730469,1947200.0
2023-09-08,93.07400512695312,1553700.0
2023-09-11,93.56586456298828,1217300.0
2023-09-12,92.33622741699219,898100.0
2023-09-13,93.7266616821289,1658500.0
2023-09-14,94.4076919555664,963200.0
2023-09-15,94.1996078491211,1908500.0
2023-09-18,93.73612976074219,775200.0
2023-09-19,91.97679138183594,1346600.0
2023-09-20,92.8186264038086,1444800.0
2023-09-21,90.54853820800781,1362800.0
2023-09-22,88.95947265625,1722500.0
2023-09-25,89.0162124633789,1399600.0
2023-09-26,87.35147094726562,2364800.0
2023-09-27,86.43397521972656,1677500.0
2023-09-28,87.20013427734375,1954300.0
2023-09-29,87.45552062988281,2629600.0
2023-10-02,87.23796844482422,2586200.0
2023-10-03,84.75977325439453,3229200.0
2023-10-04,85.5921401977539,3074900.0
2023-10-05,92.45919799804688,7554600.0
2023-10-06,88.41085815429688,4835900.0
2023-10-09,87.68254089355469,3080500.0
2023-10-10,91.15389251708984,3997200.0
2023-10-11,86.86907958984375,3401700.0
2023-10-12,79.54801940917969,7107800.0
2023-10-13,78.67781829833984,4950400.0
2023-10-16,80.05878448486328,2378200.0
2023-10-17,82.20592498779297,3102000.0
2023-10-18,81.84648132324219,2200100.0
2023-10-19,82.75453186035156,2843600.0
2023-10-20,82.76399230957031,2037300.0
2023-10-23,82.45183563232422,2264700.0
2023-10-24,83.98417663574219,3260300.0
2023-10-25,84.00308227539062,2753200.0
2023-10-26,83.97470092773438,2022300.0
2023-10-27,84.06929016113281,2126800.0
2023-10-30,84.67465209960938,1420400.0
2023-10-31,84.93950653076172,1293900.0
2023-11-01,86.0367202758789,1965400.0
2023-11-02,88.91156768798828,2293100.0
2023-11-03,89.27210998535156,1366900.0
2023-11-06,89.35749816894531,1700500.0
2023-11-07,88.63641357421875,1057200.0
2023-11-08,89.53776550292969,2088600.0
2023-11-09,89.52828216552734,1496400.0
2023-11-10,89.25312042236328,1344300.0
2023-11-13,91.19815826416016,2212500.0
2023-11-14,90.97045135498047,1194500.0
2023-11-15,89.97421264648438,1477900.0
2023-11-16,90.7996597290039,1318200.0
2023-11-17,90.89453887939453,2722900.0
2023-11-20,92.34619140625,2189700.0
2023-11-21,93.1147232055664,1551300.0
2023-11-22,93.8263168334961,792000.0
2023-11-24,94.12994384765625,390200.0
2023-11-27,94.57588195800781,1127900.0
2023-11-28,93.39935302734375,1255100.0
2023-11-29,92.53595733642578,1258400.0
2023-11-30,94.9079360961914,2879000.0
2023-12-01,95.75236511230469,1669600.0
2023-12-04,97.21350860595703,1941100.0
2023-12-05,95.46774291992188,1499300.0
2023-12-06,95.8282699584961,930400.0
2023-12-07,95.8282699584961,1615700.0
2023-12-08,95.79032897949219,899200.0
2023-12-11,97.3558349609375,1449700.0
2023-12-12,98.23822784423828,1411400.0
2023-12-13,100.63866424560547,1118600.0
2023-12-14,99.02570343017578,1261600.0
2023-12-15,98.98775482177734,1974000.0
2023-12-18,101.75823211669922,1540400.0
2023-12-19,100.496337890625,1668700.0
2023-12-20,98.1148681640625,1489000.0
2023-12-21,98.63671112060547,1005700.0
2023-12-22,99.33879852294922,889900.0
2023-12-26,101.05613708496094,1027900.0
2023-12-27,102.00492095947266,1080200.0
2023-12-28,102.59317779541016,912100.0
2023-12-29,102.55522155761719,925600.0
2024-01-02,101.10356903076172,2698000.0
2024-01-03,99.55705261230469,3212100.0
2024-01-04,99.87013244628906,5531500.0
2024-01-05,100.59121704101562,2436800.0
2024-01-08,101.88158416748047,1604400.0
2024-01-09,101.9100570678711,1122700.0
2024-01-10,101.69184112548828,990900.0
2024-01-11,101.68232727050781,995200.0
2024-01-12,101.6633529663086,744200.0
2024-01-16,102.77345275878906,1037100.0
2024-01-17,104.35794067382812,1619400.0
2024-01-18,104.12074279785156,1396200.0
2024-01-19,103.64633178710938,1235800.0
2024-01-22,104.08277893066406,1262400.0
2024-01-23,103.94995880126953,846700.0
2024-01-24,100.429931640625,1334600.0
2024-01-25,99.66141510009766,2119000.0
2024-01-26,98.85493469238281,1941400.0
2024-01-29,99.55705261230469,1218800.0
2024-01-30,98.20975494384766,1408600.0
2024-01-31,97.19454956054688,2725700.0
2024-02-01,100.39373779296875,2020100.0
2024-02-02,101.02214050292969,1496900.0
2024-02-05,99.14643096923828,1493000.0
2024-02-06,96.22335815429688,1567300.0
2024-02-07,95.39498901367188,1767800.0
2024-02-08,96.05196380615234,1263200.0
2024-02-09,96.00436401367188,905300.0
2024-02-12,96.29952239990234,883300.0
2024-02-13,98.64178466796875,2282800.0
2024-02-14,97.92768096923828,1509400.0
2024-02-15,98.56561279296875,1228800.0
2024-02-16,96.38522338867188,2034200.0
2024-02-20,97.27072143554688,1499900.0
2024-02-21,96.96601867675781,1396200.0
2024-02-22,98.79413604736328,2195900.0
2024-02-23,97.75630187988281,794200.0
2024-02-26,97.16597747802734,780100.0
2024-02-27,95.99484252929688,937300.0
2024-02-28,96.14718627929688,724000.0
2024-02-29,97.31832122802734,2199900.0
2024-03-01,97.16597747802734,1886300.0
2024-03-04,97.34687805175781,1085900.0
2024-03-05,98.21333312988281,1257000.0
2024-03-06,97.53730773925781,1110000.0
2024-03-07,94.95701599121094,1854900.0
2024-03-08,96.34712219238281,1436500.0
2024-03-11,97.30879211425781,1563800.0
2024-03-12,98.16571044921875,1352400.0
2024-03-13,98.01338958740234,1081200.0
2024-03-14,96.48043823242188,1012600.0
2024-03-15,97.17549133300781,1325300.0
2024-03-18,97.93721771240234,1289900.0
2024-03-19,98.82270050048828,1083000.0
2024-03-20,98.24189758300781,1762700.0
2024-03-21,97.82294464111328,1219700.0
2024-03-22,98.23236083984375,2479300.0
2024-03-25,97.73725128173828,1440400.0
2024-03-26,100.54605865478516,2653300.0
2024-03-27,101.21257019042969,1776000.0
2024-03-28,101.43157196044922,1407900.0
2024-04-01,99.95574951171875,2540800.0
2024-04-02,98.84175109863281,1609000.0
2024-04-03,96.28047943115234,3640800.0
2024-04-04,77.6280288696289,23227100.0
2024-04-05,75.9617919921875,9800100.0
2024-04-08,74.07655334472656,5986400.0
2024-04-09,76.59021759033203,5574400.0
2024-04-10,76.0379638671875,4440800.0
2024-04-11,77.4661865234375,5103700.0
2024-04-12,75.9522705078125,3513700.0
2024-04-15,76.12366485595703,2649400.0
2024-04-16,78.13267517089844,3176900.0
2024-04-17,76.51404571533203,3006400.0
2024-04-18,76.44738006591797,2580900.0
2024-04-19,77.12339782714844,2441800.0
2024-04-22,78.18980407714844,1949500.0
2024-04-23,79.71322631835938,1932200.0
2024-04-24,80.47494506835938,3187600.0
2024-04-25,79.50375366210938,2079400.0
2024-04-26,79.83700561523438,2462700.0
2024-04-29,80.61775970458984,1652100.0
2024-04-30,79.35140991210938,2294100.0
2024-05-01,78.28502655029297,2678200.0
2024-05-02,80.79060363769531,2070400.0
2024-05-03,81.36441040039062,1686300.0
2024-05-06,80.72366333007812,1555900.0
2024-05-07,81.3835220336914,1561300.0
2024-05-08,79.52824401855469,1740000.0
2024-05-09,80.16898345947266,1651200.0
2024-05-10,81.44090270996094,1542600.0
2024-05-13,81.3835220336914,2105700.0
2024-05-14,81.84256744384766,2210900.0
2024-05-15,82.31116485595703,1476900.0
2024-05-16,83.16229248046875,1432300.0
2024-05-17,82.98058319091797,1219900.0
2024-05-20,82.88495635986328,1185100.0
2024-05-21,83.4205093383789,2015700.0
2024-05-22,84.89324188232422,2383800.0
2024-05-23,83.90821838378906,2244700.0
2024-05-24,85.31402587890625,1698200.0
2024-05-28,84.5394058227539,1632500.0
2024-05-29,81.63217163085938,1678300.0
2024-05-30,81.89036560058594,1165900.0
2024-05-31,84.43421173095703,3254600.0
2024-06-03,83.53524780273438,1110200.0
2024-06-04,82.46417999267578,1755100.0
2024-06-05,81.58434295654297,1417200.0
2024-06-06,82.29203796386719,1439300.0
2024-06-07,82.09119415283203,1466200.0
2024-06-10,81.75648498535156,1725900.0
2024-06-11,83.1240463256836,1102800.0
2024-06-12,82.66500854492188,1233600.0
2024-06-13,82.40679168701172,979600.0
2024-06-14,82.97103118896484,904400.0
2024-06-17,83.30574798583984,963500.0
2024-06-18,80.98187255859375,1450500.0
2024-06-20,78.88750457763672,2293400.0
2024-06-21,81.14444732666016,3053300.0
2024-06-24,81.24006652832031,1736600.0
2024-06-25,81.44090270996094,1432200.0
2024-06-26,80.39849090576172,1511400.0
2024-06-27,79.80558013916016,2295200.0
2024-06-28,80.40807342529297,5214900.0
2024-07-01,79.1265869140625,1715300.0
2024-07-02,79.1265869140625,2222300.0
2024-07-03,79.0692138671875,857900.0
2024-07-05,78.80142974853516,2048300.0
2024-07-08,76.96528625488281,2323700.0
2024-07-09,73.50337982177734,3471300.0
2024-07-10,74.56490325927734,3115900.0
2024-07-11,75.48297882080078,2469100.0
2024-07-12,75.50210571289062,2127600.0
2024-07-15,73.54163360595703,2546800.0
2024-07-16,74.50752258300781,2407000.0
2024-07-17,75.5499267578125,2418200.0
2024-07-18,75.61685943603516,3315900.0
2024-07-19,74.09630584716797,1607000.0
2024-07-22,75.88463592529297,2194400.0
2024-07-23,75.1865234375,2473300.0
2024-07-24,53.956031799316406,22845200.0
2024-07-25,50.69495391845703,14857200.0
2024-07-26,54.23336410522461,9809100.0
2024-07-29,53.774330139160156,5299800.0
2024-07-30,56.92064666748047,6622300.0
2024-07-31,57.39881134033203,4638200.0
2024-08-01,56.719818115234375,5089200.0
2024-08-02,54.785858154296875,4766800.0
2024-08-05,54.247047424316406,4672900.0
2024-08-06,55.2092170715332,3820100.0
2024-08-07,55.901973724365234,4061300.0
2024-08-08,56.97960662841797,2447000.0
2024-08-09,57.86479949951172,2816600.0
2024-08-12,56.104034423828125,2798500.0
2024-08-13,56.893009185791016,2708000.0
2024-08-14,56.893009185791016,1420500.0
2024-08-15,58.77885818481445,2198800.0
2024-08-16,58.62491226196289,1639600.0
2024-08-19,60.54924774169922,2794500.0
2024-08-20,59.510108947753906,1711300.0
2024-08-21,59.84686279296875,1879700.0
2024-08-22,60.04892349243164,1779500.0
2024-08-23,60.318328857421875,1648700.0
2024-08-26,59.88534927368164,2526800.0
2024-08-27,59.88534927368164,1564500.0
2024-08-28,58.817344665527344,1665400.0
2024-08-29,58.98091125488281,1422300.0
2024-08-30,59.577457427978516,1962900.0
2024-09-03,59.38502883911133,2465500.0
2024-09-04,59.346534729003906,2272700.0
2024-09-05,59.741031646728516,1910400.0
2024-09-06,60.635841369628906,1815600.0
2024-09-09,60.7801628112793,2289400.0
2024-09-10,60.2990837097168,1542300.0
2024-09-11,60.20287322998047,1407400.0
2024-09-12,61.45368576049805,1787600.0
2024-09-13,61.742332458496094,1291400.0
2024-09-16,62.31001281738281,1426400.0
2024-09-17,63.20484161376953,1792700.0
2024-09-18,63.28180694580078,2297000.0
2024-09-19,63.127864837646484,2804300.0
2024-09-20,62.96428680419922,5336200.0
2024-09-23,62.44472122192383,2517200.0
2024-09-24,62.38698959350586,3055900.0
2024-09-25,62.47358322143555,2377500.0
2024-09-26,63.98419189453125,2293400.0
2024-09-27,64.27284240722656,2279200.0
2024-09-30,62.290771484375,2978200.0
2024-10-01,62.454345703125,4151400.0
2024-10-02,64.06116485595703,6786600.0
2024-10-03,65.70647430419922,4480500.0
2024-10-04,66.24528503417969,3321100.0
2024-10-07,66.61090850830078,2583900.0
2024-10-08,68.41978454589844,3403800.0
2024-10-09,68.26583099365234,2386500.0
2024-10-10,68.28507995605469,1948700.0
2024-10-11,68.65071105957031,1252600.0
2024-10-14,69.56477355957031,2058400.0
2024-10-15,68.61222076416016,2199600.0
2024-10-16,67.11123657226562,3777300.0
2024-10-17,68.3139419555664,2068000.0
2024-10-18,75.26079559326172,7982900.0
2024-10-21,74.3852310180664,2286500.0
2024-10-22,74.33712768554688,1682300.0
2024-10-23,74.23128509521484,2384900.0
2024-10-24,74.45258331298828,2336200.0
2024-10-25,74.0099868774414,2568200.0
2024-10-28,74.71236419677734,1877900.0
2024-10-29,74.48146057128906,1960900.0
2024-10-30,74.32749938964844,1749600.0
2024-10-31,74.75084686279297,1861700.0
2024-11-01,74.51885223388672,1750200.0
2024-11-04,74.87651824951172,1725600.0
2024-11-05,76.52947998046875,1601200.0
2024-11-06,77.32213592529297,1886800.0
2024-11-07,77.6218032836914,2131600.0
2024-11-08,78.49176788330078,1580000.0
2024-11-11,78.28878784179688,1197800.0
2024-11-12,77.71845245361328,1420100.0
2024-11-13,77.39946746826172,1393200.0
2024-11-14,77.72811889648438,1750400.0
2024-11-15,72.95288848876953,4403000.0
2024-11-18,74.25785827636719,2215200.0
2024-11-19,72.56622314453125,1696900.0
2024-11-20,73.57154083251953,1131900.0
2024-11-21,74.190185546875,1266000.0
2024-11-22,74.35452270507812,1171700.0
2024-11-25,74.21919250488281,2729600.0
2024-11-26,74.26753234863281,1830800.0
2024-11-27,74.15153503417969,1338700.0
2024-11-29,74.66384887695312,689200.0
2024-12-02,75.72715759277344,1256700.0
2024-12-03,76.76148223876953,1578800.0
2024-12-04,75.35017395019531,1197800.0
2024-12-05,75.09884643554688,1356900.0
2024-12-06,74.94418334960938,1181000.0
2024-12-09,75.40816497802734,1176700.0
2024-12-10,73.27188110351562,1547200.0
2024-12-11,72.45989227294922,1601400.0
2024-12-12,71.75425720214844,1501000.0
2024-12-13,76.62614440917969,8234400.0
2024-12-16,79.46809387207031,5479800.0
2024-12-17,79.57441711425781,3059000.0
2024-12-18,75.61116790771484,4076600.0
2024-12-19,60.41546630859375,12297300.0
2024-12-20,60.01914596557617,6510300.0
2024-12-23,61.768775939941406,4385100.0
2024-12-24,61.56577682495117,1734200.0
2024-12-26,63.102745056152344,3467700.0
2024-12-27,64.765380859375,3453700.0
2024-12-30,62.80309295654297,2405200.0
2024-12-31,64.6010513305664,1709900.0
2025-01-02,63.83740234375,1811600.0
2025-01-03,63.34440994262695,1596200.0
2025-01-06,60.94712448120117,3164500.0
2025-01-07,59.6228141784668,3578000.0
2025-01-08,58.859161376953125,2737800.0
2025-01-10,58.70450210571289,3063200.0
2025-01-13,58.820499420166016,2324500.0
2025-01-14,57.824851989746094,2028700.0
2025-01-15,57.051536560058594,2245900.0
2025-01-16,57.09986877441406,2530600.0
2025-01-17,58.07618713378906,1961000.0
2025-01-21,60.60879898071289,2253600.0
2025-01-22,58.8398323059082,1937100.0
2025-01-23,58.49183654785156,2410200.0
2025-01-24,58.56916809082031,1774200.0
2025-01-27,60.31880187988281,1867900.0
2025-01-28,58.31784439086914,2049300.0
2025-01-29,59.4584846496582,2471200.0
2025-01-30,59.574485778808594,2662800.0
2025-01-31,58.29080581665039,2510200.0
2025-02-03,58.63117218017578,3312100.0
2025-02-04,57.52254104614258,1981900.0
2025-02-05,57.425289154052734,2402000.0
2025-02-06,57.82400894165039,1219500.0
2025-02-07,57.28913879394531,1152500.0
2025-02-10,56.88070297241211,1230800.0
2025-02-11,57.11408996582031,1199100.0
2025-02-12,54.96490478515625,2795900.0
2025-02-13,55.69426345825195,3242500.0
2025-02-14,56.851524353027344,2019100.0
2025-02-18,56.10271072387695,1726500.0
2025-02-19,55.597015380859375,3227200.0
2025-02-20,55.246925354003906,1800300.0
2025-02-21,54.264713287353516,2041600.0
2025-02-24,50.851287841796875,5651500.0
2025-02-25,50.3455924987793,4977100.0
2025-02-26,50.48174285888672,3167300.0
2025-02-27,50.06357192993164,3072400.0
2025-02-28,50.442840576171875,12204000.0
2025-03-03,48.64374542236328,3005300.0
2025-03-04,48.53676986694336,3540700.0
2025-03-05,50.044124603271484,3566200.0
2025-03-06,50.27751922607422,2016800.0
2025-03-07,51.55147171020508,2932300.0
2025-03-10,51.02633285522461,2025800.0
2025-03-11,50.11219787597656,2072000.0
2025-03-12,49.898250579833984,2723500.0
2025-03-13,47.311439514160156,3130700.0
2025-03-14,49.548152923583984,3371400.0
2025-03-17,52.125240325927734,2095100.0
2025-03-18,51.425052642822266,1401600.0
2025-03-19,51.230552673339844,1723400.0
2025-03-20,51.29863357543945,2016700.0
2025-03-21,51.61955261230469,4602500.0
2025-03-24,52.446163177490234,1784000.0
2025-03-25,51.55147171020508,1556400.0
2025-03-26,52.23221969604492,1473900.0
2025-03-27,52.4169921875,1823400.0
2025-03-28,52.523963928222656,2720900.0
2025-03-31,51.83349609375,2824900.0
2025-04-01,51.843223571777344,4601700.0
2025-04-02,52.66011428833008,3691400.0
2025-04-03,57.93098068237305,10401400.0
2025-04-04,57.37666320800781,5116800.0
2025-04-07,54.98435592651367,3999200.0
2025-04-08,51.03605651855469,3024500.0
2025-04-09,53.739566802978516,3117700.0
2025-04-10,52.42671585083008,2059900.0
2025-04-11,53.23387908935547,2207000.0
2025-04-14,54.43975830078125,2236700.0
2025-04-15,53.12690353393555,1439400.0
2025-04-16,51.93074417114258,1536900.0
2025-04-17,52.086341857910156,1458900.0
2025-04-21,50.092742919921875,2266300.0
2025-04-22,51.02633285522461,1587700.0
2025-04-23,50.997154235839844,1622900.0
2025-04-24,51.15275573730469,1332700.0
2025-04-25,50.51091384887695,1325900.0
2025-04-28,50.326141357421875,1353800.0
2025-04-29,50.74431610107422,1232000.0
2025-04-30,51.35697937011719,1407100.0
2025-05-01,50.676239013671875,1368600.0
2025-05-02,50.44116973876953,1444400.0
2025-05-05,50.23548889160156,1819300.0
2025-05-06,50.157135009765625,1460800.0
2025-05-07,49.794742584228516,1290800.0
2025-05-08,50.40199279785156,1628400.0
2025-05-09,49.78494644165039,1209800.0
2025-05-12,50.186519622802734,1986700.0
2025-05-13,50.157135009765625,1720100.0
2025-05-14,50.353023529052734,2072200.0
2025-05-15,50.72521209716797,2406100.0
2025-05-16,52.742855072021484,2213100.0
2025-05-19,52.44902420043945,1935800.0
2025-05-20,52.8016242980957,1737700.0
2025-05-21,50.353023529052734,1448800.0
2025-05-22,49.97104263305664,1628000.0
2025-05-23,49.5204963684082,1911800.0
2025-05-27,52.09642791748047,1681100.0
2025-05-28,52.2629280090332,1840300.0
2025-05-29,53.124839782714844,1945200.0
2025-05-30,54.63317108154297,2842800.0
2025-06-02,53.712501525878906,1654600.0
2025-06-03,54.52543640136719,1864600.0
2025-06-04,54.084693908691406,907500.0
2025-06-05,54.104278564453125,1015700.0
2025-06-06,54.53523254394531,1067800.0
2025-06-09,54.52543640136719,1062000.0
2025-06-10,54.486263275146484,1189600.0
2025-06-11,54.623382568359375,1683900.0
2025-06-12,55.122894287109375,962200.0
2025-06-13,53.67332458496094,1635100.0
2025-06-16,54.15324783325195,1651600.0
2025-06-17,52.84080123901367,2076700.0
2025-06-18,52.12581253051758,2141600.0
2025-06-20,52.4294319152832,2430300.0
2025-06-23,52.97792434692383,1303200.0
2025-06-24,52.6840934753418,1585100.0
2025-06-25,51.92012405395508,1520100.0
2025-06-26,52.09642791748047,1117600.0
2025-06-27,52.30210876464844,3555700.0
2025-06-30,50.783973693847656,3147500.0
2025-07-01,51.29328155517578,3170700.0
2025-07-02,51.675262451171875,1936200.0
2025-07-03,51.39122772216797,1089800.0
2025-07-07,49.92206954956055,2048900.0
2025-07-08,51.26390075683594,3605500.0
2025-07-09,50.20610809326172,2880100.0
2025-07-10,50.323638916015625,2961200.0
2025-07-11,50.26487350463867,2328000.0
2025-07-14,50.02001190185547,2510600.0
2025-07-15,48.766326904296875,1663500.0
2025-07-16,48.972015380859375,2781600.0
2025-07-17,49.451942443847656,2645100.0
2025-07-18,47.99256896972656,2577000.0
2025-07-21,47.05231475830078,3464600.0
2025-07-22,48.15907287597656,3397300.0
2025-07-23,56.01418685913086,10537900.0
2025-07-24,57.404991149902344,3771600.0
2025-07-25,59.60873031616211,3561500.0
2025-07-28,58.0024528503418,2310700.0
2025-07-29,58.237518310546875,1635600.0
2025-07-30,57.493141174316406,1405500.0
2025-07-31,55.89665222167969,2605000.0
2025-08-01,55.19671630859375,1668700.0
2025-08-04,53.865840911865234,1945500.0
2025-08-05,52.40680694580078,1948400.0
2025-08-06,50.721038818359375,2137900.0
2025-08-07,51.38154220581055,1736300.0
2025-08-08,50.819618225097656,1064700.0
2025-08-11,50.91820526123047,1130900.0
2025-08-12,52.219505310058594,1799600.0
2025-08-13,53.954566955566406,1936800.0
2025-08-14,54.05315017700195,1458400.0
2025-08-15,53.382781982421875,1094000.0
2025-08-18,53.53065490722656,1090600.0
2025-08-19,54.3193244934082,1114500.0
2025-08-20,54.40804672241211,1046600.0
2025-08-21,53.88555908203125,1361300.0
2025-08-22,56.18254852294922,1203600.0
2025-08-25,55.18685531616211,975400.0
2025-08-26,55.61076354980469,1486200.0
2025-08-27,55.85722351074219,1056600.0
2025-08-28,55.45302963256836,1142900.0
2025-08-29,56.71489334106445,1115400.0
2025-09-02,55.748779296875,1345900.0
2025-09-03,55.748779296875,1302600.0
2025-09-04,54.97983169555664,1096500.0
2025-09-05,57.1782341003418,1658900.0
2025-09-08,56.75432586669922,1533200.0
2025-09-09,56.310699462890625,1311100.0
2025-09-10,55.07841491699219,1495500.0
2025-09-11,56.310699462890625,1401100.0
2025-09-12,55.62062072753906,1009500.0
2025-09-15,55.2952995300293,1629600.0
2025-09-16,56.92192077636719,1834500.0
2025-09-17,54.861534118652344,1827700.0
2025-09-18,55.66991424560547,1268800.0
2025-09-19,54.87138748168945,2174500.0
2025-09-22,54.58549880981445,1183800.0
2025-09-23,53.55037307739258,1116600.0
2025-09-24,53.0081672668457,1103400.0
2025-09-25,52.081485748291016,1062000.0
2025-09-26,54.437625885009766,2742000.0
2025-09-29,54.88124465942383,4258800.0
2025-09-30,57.257102966308594,6314500.0
2025-10-01,61.13142013549805,4445600.0
2025-10-02,61.259578704833984,2822700.0
2025-10-03,62.008811950683594,2409600.0
2025-10-06,62.50172805786133,2622100.0
2025-10-07,62.413002014160156,2801000.0
2025-10-08,63.112937927246094,1734500.0
2025-10-09,63.66501235961914,1499000.0
2025-10-10,62.84676742553711,2349800.0
2025-10-13,62.90591812133789,1461600.0
2025-10-14,63.25096130371094,1389800.0
2025-10-15,63.07350540161133,1437300.0
2025-10-16,64.03961944580078,1500500.0
2025-10-17,64.08891296386719,2139200.0
2025-10-20,64.73956298828125,2489300.0
2025-10-21,63.73401641845703,2410800.0
2025-10-22,63.83259582519531,1441400.0
2025-10-23,64.2367935180664,1448200.0
2025-10-24,65.43949890136719,1528200.0
2025-10-27,65.62681579589844,1482300.0
2025-10-28,64.64098358154297,1058800.0
2025-10-29,62.28484344482422,2081400.0
2025-10-30,61.308868408203125,1489600.0
2025-10-31,61.21961212158203,2772000.0
2025-11-03,62.24109649658203,1760800.0
2025-11-04,61.49729537963867,1432000.0
2025-11-05,62.24109649658203,1348500.0
2025-11-06,61.37828826904297,1382600.0
2025-11-07,61.903907775878906,1407700.0
2025-11-10,59.860939025878906,2154800.0
2025-11-11,59.60308837890625,2545400.0
2025-11-12,57.97665023803711,2189200.0
2025-11-13,57.35186004638672,1650500.0
2025-11-14,56.53863525390625,1778200.0
2025-11-17,55.7849235534668,1372700.0
2025-11-18,55.71549987792969,984600.0
2025-11-19,55.58657455444336,1037700.0
2025-11-20,55.13037872314453,1028300.0
2025-11-21,57.20309829711914,1615300.0
2025-11-24,56.05268859863281,1287900.0
2025-11-25,58.522098541259766,1543100.0
2025-11-26,59.11714172363281,1847800.0
2025-11-28,58.57168960571289,381300.0
2025-12-01,59.00804901123047,1017400.0
2025-12-02,58.561771392822266,737900.0
2025-12-03,59.9898681640625,963600.0
2025-12-04,59.265899658203125,970600.0
2025-12-05,59.206398010253906,981400.0
2025-12-08,59.03779983520508,1141400.0
2025-12-09,57.74855041503906,1351500.0
2025-12-10,58.492347717285156,2090300.0
2025-12-11,58.988216400146484,1040900.0
2025-12-12,59.16672897338867,1029100.0
2025-12-15,58.968379974365234,1126200.0
2025-12-16,59.30556869506836,996400.0
2025-12-17,58.968379974365234,1040300.0
2025-12-18,58.83945846557617,2691500.0
2025-12-19,43.576698303222656,23430300.0
2025-12-22,42.44612503051758,8135000.0
2025-12-23,41.45439529418945,6027700.0
2025-12-24,42.1287727355957,2442300.0
2025-12-26,41.8015022277832,2913300.0
2025-12-29,41.49406433105469,3423600.0
2025-12-30,41.60315704345703,2829600.0
2025-12-31,41.54365158081055,2690900.0
2026-01-02,41.940345764160156,2215300.0
2026-01-05,40.958526611328125,3164900.0
2026-01-06,41.17671203613281,3129800.0
2026-01-07,39.95688247680664,5043600.0
2026-01-08,40.958526611328125,3476700.0
2026-01-09,41.027950286865234,2328100.0
2026-01-12,41.08745574951172,1863000.0
2026-01-13,41.5238151550293,2615900.0
2026-01-14,42.922157287597656,3203000.0
2026-01-15,43.5667839050293,2312500.0
2026-01-16,42.97174835205078,2243900.0
2026-01-20,43.15025329589844,2425000.0
2026-01-21,43.95355987548828,2872900.0
2026-01-22,43.745296478271484,3791200.0
2026-01-23,43.3585205078125,2773200.0
2026-01-26,43.3585205078125,3002700.0
2026-01-27,44.67752456665039,2658800.0
2026-01-28,45.094051361083984,2973600.0
2026-01-29,45.57999801635742,4040600.0
2026-01-30,45.93000030517578,3507900.0
2026-02-02,45.02000045776367,3489500.0
2026-02-03,46.290000915527344,2959100.0
2026-02-04,47.779998779296875,4588900.0
2026-02-05,47.47999954223633,2215300.0
2026-02-06,50.119998931884766,3645100.0
2026-02-09,50.65999984741211,3016500.0
2026-02-10,50.58000183105469,1472200.0
2026-02-11,50.2400016784668,1677800.0
2026-02-12,50.310001373291016,1489200.0
2026-02-13,49.81999969482422,1383900.0
2026-02-17,48.18000030517578,2359400.0
2026-02-18,48.86000061035156,1361500.0
2026-02-19,48.599998474121094,1264100.0
2026-02-20,48.27000045776367,1452000.0
2026-02-23,47.220001220703125,1478000.0
